Time,lb 308 1,lb 308 2,lb 308 3,lb 308 4,lb 308 5,lb 308 6,lb 3 1,lb 3 2,lb 3 3,lb 3 4,lb 3 5,lb 3 6,lb 309 1,lb 309 2,lb 309 3,lb 309 4,lb 309 5,lb 309 6,lb 6 1,lb 6 2,lb 6 3,lb 6 4,lb 6 5,lb 6 6,lb 317 1,lb 317 2,lb 317 3,lb 317 4,lb 317 5,lb 317 6,empty,empty,empty,empty,empty,empty,lb 318 1,lb 318 2,lb 318 3,lb 318 4,lb 318 5,lb 318 6,empty,empty,empty,empty,empty,empty,lb 323 1,lb 323 2,lb 323 3,lb 323 4,lb 323 5,lb 323 6,empty,empty,empty,empty,empty,empty,lb 324 1,lb 324 2,lb 324 3,lb 324 4,lb 324 5,lb 324 6,empty,empty,empty,empty,empty,empty,lb 366 1,lb 366 2,lb 366 3,lb 366 4,lb 366 5,lb 366 6,empty,empty,empty,empty,empty,empty,lb 367 1,lb 367 2,lb 367 3,lb 367 4,lb 367 5,lb 367 6,lb blank 1,lb blank 2,lb blank 3,lb blank 4,lb blank 5,lb blank 6,lb 369 1,lb 369 2,lb 369 3,lb 369 4,lb 369 5,lb 369 6,tsb 75 1,tsb 75 2,tsb 75 3,tsb 75 4,tsb 75 5,tsb 75 6,lb 370 1,lb 370 2,lb 370 3,lb 370 4,lb 370 5,lb 370 6,tsb 76 1,tsb 76 2,tsb 76 3,tsb 76 4,tsb 76 5,tsb 76 6,lb 320 1,lb 320 2,lb 320 3,lb 320 4,lb 320 5,lb 320 6,tsb 1 1,tsb 1 2,tsb 1 3,tsb 1 4,tsb 1 5,tsb 1 6,lb 321 1,lb 321 2,lb 321 3,lb 321 4,lb 321 5,lb 321 6,empty,empty,empty,empty,empty,empty,lb 3 7,lb 3 8,lb 3 9,lb 3 10,lb 3 11,lb 3 12,empty,empty,empty,empty,empty,empty,lb 6 7,lb 6 8,lb 6 9,lb 6 10,lb 6 11,lb 6 12,empty,empty,empty,empty,empty,empty,empty,empty,empty,empty,empty,empty,lb blank 7,lb blank 8,lb blank 9,lb blank 10,lb blank 11,lb blank 12,empty,empty,empty,empty,empty,empty,tsb blank 1,tsb blank 2,tsb blank 3,tsb blank 4,tsb blank 5,tsb blank 6,lb 311 1,lb 311 2,lb 311 3,lb 311 4,lb 311 5,lb 311 6,lb 442 1,lb 442 2,lb 442 3,lb 442 4,lb 442 5,lb 442 6,lb 312 1,lb 312 2,lb 312 3,lb 312 4,lb 312 5,lb 312 6,lb 443 1,lb 443 2,lb 443 3,lb 443 4,lb 443 5,lb 443 6,lb 313 1,lb 313 2,lb 313 3,lb 313 4,lb 313 5,lb 313 6,lb 446 1,lb 446 2,lb 446 3,lb 446 4,lb 446 5,lb 446 6,lb 3 13,lb 3 14,lb 3 15,lb 3 16,lb 3 17,lb 3 18,lb 4 1,lb 4 2,lb 4 3,lb 4 4,lb 4 5,lb 4 6,empty,empty,empty,empty,empty,empty,empty,empty,empty,empty,empty,empty,empty,empty,empty,empty,empty,empty,empty,empty,empty,empty,empty,empty,empty,empty,empty,empty,empty,empty,empty,empty,empty,empty,empty,empty,empty,empty,empty,empty,empty,empty,lb blank 13,lb blank 14,lb blank 15,lb blank 16,lb blank 17,lb blank 18
0,0.098,0.109,0.102,0.105,0.097,0.101,0.087,0.091,0.09,0.092,0.093,0.101,0.114,0.102,0.103,0.103,0.104,0.103,0.083,0.086,0.084,0.091,0.091,0.092,0.1,0.105,0.098,0.093,0.096,0.098,0.083,0.084,0.083,0.084,0.085,0.087,0.1,0.103,0.103,0.104,0.101,0.104,0.084,0.084,0.084,0.084,0.083,0.086,0.1,0.093,0.095,0.095,0.094,0.093,0.084,0.084,0.086,0.084,0.084,0.087,0.098,0.098,0.095,0.101,0.099,0.098,0.084,0.085,0.084,0.084,0.085,0.088,0.099,0.09,0.099,0.098,0.089,0.094,0.084,0.084,0.087,0.084,0.09,0.087,0.095,0.099,0.102,0.088,0.096,0.094,0.08,0.089,0.078,0.08,0.083,0.08,0.095,0.104,0.117,0.097,0.098,0.102,0.092,0.085,0.087,0.089,0.091,0.1,0.1,0.108,0.112,0.098,0.1,0.105,0.092,0.09,0.088,0.089,0.09,0.092,0.097,0.095,0.095,0.097,0.092,0.087,0.089,0.092,0.084,0.087,0.091,0.094,0.095,0.094,0.095,0.094,0.091,0.092,0.083,0.083,0.084,0.084,0.084,0.086,0.098,0.098,0.096,0.095,0.095,0.096,0.084,0.084,0.084,0.084,0.084,0.086,0.101,0.104,0.099,0.099,0.092,0.095,0.084,0.084,0.084,0.084,0.085,0.087,0.089,0.085,0.08,0.08,0.078,0.079,0.08,0.078,0.077,0.078,0.082,0.082,0.091,0.088,0.086,0.084,0.082,0.08,0.082,0.082,0.081,0.084,0.084,0.084,0.1,0.098,0.095,0.091,0.092,0.095,0.099,0.09,0.098,0.091,0.091,0.108,0.092,0.104,0.103,0.104,0.097,0.094,0.093,0.09,0.101,0.097,0.099,0.096,0.092,0.104,0.103,0.092,0.091,0.094,0.094,0.094,0.086,0.09,0.102,0.094,0.096,0.097,0.101,0.096,0.095,0.095,0.104,0.098,0.096,0.1,0.099,0.1,0.084,0.084,0.084,0.084,0.083,0.084,0.084,0.084,0.085,0.084,0.084,0.087,0.085,0.086,0.084,0.086,0.084,0.086,0.084,0.084,0.084,0.084,0.084,0.088,0.086,0.085,0.085,0.085,0.084,0.084,0.084,0.084,0.084,0.084,0.088,0.088,0.086,0.086,0.086,0.085,0.084,0.084,0.083,0.082,0.081,0.083,0.084,0.083
0.5,0.102,0.105,0.106,0.103,0.099,0.101,0.096,0.096,0.096,0.101,0.098,0.101,0.106,0.106,0.104,0.106,0.103,0.103,0.094,0.1,0.099,0.104,0.107,0.121,0.104,0.103,0.099,0.099,0.098,0.102,0.083,0.084,0.083,0.084,0.085,0.086,0.103,0.105,0.104,0.104,0.102,0.108,0.084,0.083,0.084,0.085,0.084,0.086,0.114,0.107,0.109,0.107,0.105,0.104,0.084,0.084,0.086,0.084,0.084,0.087,0.112,0.11,0.104,0.106,0.105,0.11,0.085,0.085,0.084,0.084,0.086,0.088,0.107,0.097,0.099,0.099,0.097,0.096,0.085,0.084,0.087,0.084,0.09,0.088,0.102,0.104,0.102,0.094,0.098,0.095,0.081,0.08,0.079,0.08,0.081,0.08,0.102,0.105,0.12,0.098,0.101,0.102,0.12,0.119,0.115,0.124,0.127,0.13,0.104,0.11,0.116,0.103,0.104,0.111,0.128,0.13,0.126,0.124,0.121,0.123,0.112,0.114,0.11,0.11,0.107,0.105,0.119,0.123,0.123,0.118,0.129,0.127,0.11,0.111,0.11,0.111,0.106,0.106,0.084,0.083,0.085,0.084,0.084,0.086,0.102,0.099,0.1,0.096,0.097,0.098,0.084,0.084,0.085,0.084,0.084,0.086,0.112,0.113,0.108,0.111,0.108,0.108,0.084,0.084,0.085,0.084,0.085,0.088,0.091,0.085,0.081,0.081,0.079,0.079,0.081,0.078,0.078,0.078,0.082,0.081,0.095,0.089,0.087,0.085,0.082,0.081,0.083,0.082,0.081,0.083,0.083,0.083,0.107,0.108,0.1,0.098,0.101,0.129,0.103,0.102,0.108,0.102,0.095,0.11,0.102,0.112,0.109,0.108,0.102,0.1,0.097,0.1,0.108,0.101,0.102,0.103,0.103,0.137,0.109,0.097,0.097,0.099,0.099,0.101,0.097,0.095,0.106,0.102,0.107,0.102,0.104,0.1,0.099,0.099,0.108,0.105,0.101,0.107,0.103,0.104,0.085,0.084,0.084,0.084,0.084,0.084,0.084,0.084,0.085,0.084,0.084,0.087,0.085,0.085,0.084,0.086,0.084,0.085,0.084,0.084,0.084,0.084,0.084,0.087,0.086,0.084,0.085,0.084,0.085,0.084,0.084,0.084,0.084,0.084,0.088,0.088,0.087,0.087,0.086,0.085,0.084,0.084,0.082,0.08,0.081,0.081,0.082,0.081
1,0.125,0.13,0.129,0.129,0.117,0.125,0.108,0.112,0.112,0.125,0.12,0.121,0.13,0.124,0.125,0.129,0.12,0.123,0.106,0.118,0.117,0.124,0.13,0.153,0.123,0.122,0.117,0.114,0.114,0.121,0.083,0.084,0.083,0.085,0.085,0.086,0.116,0.123,0.12,0.124,0.12,0.127,0.084,0.084,0.084,0.084,0.084,0.086,0.136,0.126,0.129,0.126,0.124,0.126,0.084,0.084,0.086,0.084,0.084,0.087,0.135,0.13,0.121,0.124,0.121,0.128,0.085,0.085,0.084,0.085,0.086,0.088,0.127,0.11,0.115,0.119,0.115,0.116,0.086,0.084,0.087,0.085,0.091,0.088,0.117,0.118,0.118,0.102,0.111,0.106,0.082,0.08,0.079,0.08,0.081,0.081,0.126,0.13,0.15,0.12,0.122,0.122,0.192,0.177,0.174,0.197,0.196,0.194,0.124,0.137,0.144,0.125,0.127,0.137,0.203,0.209,0.2,0.194,0.189,0.182,0.138,0.133,0.137,0.138,0.134,0.129,0.17,0.181,0.19,0.176,0.201,0.196,0.128,0.132,0.133,0.132,0.126,0.127,0.084,0.083,0.085,0.084,0.084,0.086,0.11,0.108,0.113,0.111,0.113,0.117,0.084,0.084,0.085,0.084,0.084,0.086,0.133,0.132,0.128,0.131,0.13,0.13,0.084,0.084,0.085,0.084,0.085,0.088,0.091,0.086,0.081,0.08,0.079,0.079,0.08,0.079,0.078,0.078,0.082,0.081,0.095,0.089,0.087,0.085,0.082,0.081,0.083,0.082,0.081,0.084,0.084,0.083,0.133,0.132,0.117,0.115,0.12,0.172,0.108,0.107,0.114,0.106,0.098,0.114,0.112,0.134,0.135,0.134,0.12,0.118,0.099,0.109,0.111,0.109,0.106,0.105,0.113,0.132,0.136,0.112,0.111,0.111,0.104,0.11,0.1,0.101,0.112,0.108,0.13,0.118,0.124,0.112,0.111,0.11,0.116,0.111,0.106,0.113,0.112,0.108,0.085,0.084,0.084,0.084,0.084,0.084,0.084,0.084,0.085,0.084,0.084,0.086,0.086,0.086,0.084,0.086,0.084,0.085,0.084,0.084,0.084,0.084,0.084,0.087,0.087,0.084,0.085,0.084,0.085,0.084,0.084,0.084,0.084,0.084,0.088,0.088,0.087,0.087,0.086,0.085,0.084,0.084,0.082,0.08,0.08,0.081,0.082,0.081
1.5,0.165,0.174,0.178,0.171,0.151,0.156,0.14,0.149,0.148,0.155,0.155,0.162,0.167,0.159,0.161,0.172,0.156,0.158,0.127,0.148,0.149,0.161,0.171,0.205,0.158,0.156,0.147,0.143,0.143,0.154,0.083,0.084,0.084,0.085,0.085,0.087,0.146,0.155,0.151,0.157,0.151,0.159,0.084,0.084,0.084,0.085,0.084,0.086,0.174,0.161,0.165,0.158,0.157,0.159,0.085,0.085,0.086,0.084,0.084,0.087,0.17,0.162,0.148,0.15,0.15,0.16,0.085,0.085,0.084,0.085,0.086,0.088,0.164,0.135,0.15,0.154,0.149,0.151,0.086,0.084,0.088,0.085,0.091,0.088,0.142,0.146,0.148,0.121,0.136,0.129,0.081,0.08,0.079,0.08,0.081,0.081,0.175,0.18,0.203,0.16,0.171,0.167,0.291,0.271,0.265,0.306,0.298,0.294,0.168,0.19,0.194,0.168,0.173,0.188,0.326,0.33,0.32,0.308,0.293,0.271,0.176,0.17,0.178,0.18,0.18,0.163,0.27,0.291,0.305,0.268,0.308,0.311,0.164,0.17,0.17,0.172,0.16,0.162,0.083,0.083,0.085,0.084,0.084,0.086,0.141,0.137,0.146,0.144,0.148,0.158,0.085,0.084,0.085,0.084,0.084,0.086,0.169,0.169,0.164,0.169,0.17,0.173,0.084,0.085,0.085,0.084,0.085,0.088,0.09,0.086,0.081,0.081,0.079,0.079,0.08,0.078,0.078,0.078,0.082,0.08,0.095,0.089,0.087,0.085,0.082,0.081,0.083,0.082,0.081,0.084,0.083,0.083,0.182,0.177,0.156,0.153,0.208,0.158,0.121,0.115,0.125,0.118,0.103,0.127,0.138,0.174,0.182,0.185,0.157,0.154,0.105,0.114,0.121,0.116,0.114,0.116,0.136,0.177,0.187,0.141,0.146,0.142,0.112,0.118,0.108,0.11,0.126,0.118,0.173,0.151,0.165,0.141,0.144,0.143,0.133,0.122,0.114,0.124,0.125,0.116,0.085,0.084,0.084,0.084,0.084,0.084,0.084,0.084,0.085,0.084,0.084,0.087,0.086,0.085,0.085,0.086,0.084,0.086,0.084,0.085,0.084,0.084,0.085,0.087,0.087,0.085,0.085,0.085,0.085,0.084,0.085,0.084,0.084,0.084,0.089,0.088,0.087,0.087,0.087,0.085,0.085,0.084,0.083,0.08,0.083,0.081,0.082,0.081
2,0.236,0.228,0.252,0.209,0.233,0.218,0.216,0.198,0.215,0.213,0.222,0.242,0.232,0.232,0.221,0.241,0.234,0.215,0.176,0.218,0.22,0.242,0.257,0.301,0.222,0.194,0.188,0.205,0.202,0.224,0.083,0.084,0.084,0.084,0.085,0.086,0.22,0.223,0.225,0.198,0.196,0.206,0.084,0.084,0.084,0.085,0.084,0.086,0.27,0.229,0.236,0.222,0.223,0.222,0.084,0.084,0.086,0.084,0.084,0.087,0.264,0.228,0.204,0.206,0.21,0.227,0.084,0.085,0.084,0.085,0.086,0.088,0.212,0.178,0.241,0.239,0.234,0.199,0.086,0.084,0.088,0.085,0.091,0.088,0.19,0.206,0.208,0.162,0.169,0.156,0.082,0.08,0.079,0.081,0.081,0.081,0.252,0.25,0.263,0.245,0.243,0.253,0.428,0.386,0.392,0.427,0.407,0.406,0.223,0.285,0.3,0.242,0.264,0.281,0.467,0.448,0.444,0.424,0.409,0.385,0.251,0.236,0.25,0.25,0.254,0.223,0.391,0.429,0.432,0.396,0.44,0.435,0.225,0.236,0.239,0.244,0.22,0.23,0.083,0.083,0.085,0.084,0.084,0.086,0.175,0.172,0.187,0.198,0.188,0.195,0.084,0.084,0.085,0.084,0.084,0.086,0.25,0.247,0.241,0.252,0.243,0.246,0.084,0.084,0.085,0.084,0.085,0.087,0.09,0.086,0.081,0.08,0.079,0.079,0.08,0.078,0.078,0.078,0.082,0.08,0.095,0.088,0.087,0.085,0.082,0.081,0.083,0.082,0.082,0.084,0.083,0.083,0.251,0.268,0.223,0.225,0.252,0.234,0.135,0.128,0.146,0.131,0.113,0.143,0.191,0.265,0.299,0.292,0.249,0.23,0.115,0.124,0.142,0.129,0.127,0.131,0.193,0.25,0.298,0.205,0.212,0.202,0.122,0.128,0.117,0.12,0.143,0.131,0.231,0.198,0.23,0.182,0.192,0.204,0.14,0.14,0.129,0.14,0.147,0.127,0.084,0.084,0.084,0.084,0.084,0.084,0.084,0.084,0.085,0.084,0.084,0.086,0.085,0.085,0.084,0.086,0.084,0.085,0.084,0.085,0.084,0.084,0.084,0.087,0.086,0.084,0.085,0.084,0.084,0.084,0.085,0.084,0.084,0.084,0.088,0.087,0.087,0.086,0.086,0.085,0.084,0.084,0.082,0.08,0.079,0.082,0.081,0.081
2.5,0.262,0.266,0.297,0.276,0.342,0.292,0.308,0.284,0.299,0.328,0.317,0.321,0.314,0.33,0.298,0.318,0.351,0.315,0.25,0.301,0.308,0.366,0.335,0.347,0.315,0.286,0.274,0.319,0.292,0.35,0.083,0.084,0.084,0.084,0.085,0.086,0.286,0.268,0.275,0.309,0.283,0.294,0.084,0.084,0.084,0.084,0.084,0.086,0.322,0.298,0.316,0.298,0.3,0.305,0.084,0.084,0.086,0.084,0.084,0.087,0.337,0.256,0.323,0.32,0.336,0.336,0.085,0.086,0.084,0.084,0.086,0.088,0.25,0.257,0.295,0.275,0.318,0.256,0.086,0.084,0.087,0.084,0.091,0.088,0.261,0.327,0.316,0.2,0.27,0.273,0.082,0.08,0.079,0.081,0.081,0.081,0.318,0.315,0.445,0.298,0.369,0.318,0.619,0.577,0.586,0.633,0.604,0.59,0.343,0.358,0.346,0.36,0.375,0.519,0.631,0.62,0.625,0.61,0.612,0.566,0.355,0.358,0.344,0.344,0.331,0.358,0.551,0.594,0.598,0.546,0.596,0.611,0.33,0.351,0.33,0.348,0.345,0.343,0.083,0.083,0.085,0.084,0.084,0.086,0.244,0.262,0.304,0.285,0.275,0.285,0.084,0.084,0.085,0.084,0.084,0.086,0.305,0.335,0.325,0.318,0.308,0.286,0.084,0.084,0.085,0.084,0.085,0.087,0.09,0.085,0.081,0.081,0.079,0.079,0.08,0.079,0.078,0.078,0.082,0.081,0.096,0.089,0.087,0.085,0.082,0.081,0.083,0.082,0.081,0.084,0.083,0.083,0.268,0.317,0.277,0.255,0.336,0.317,0.155,0.144,0.166,0.151,0.122,0.17,0.264,0.418,0.443,0.466,0.395,0.351,0.123,0.14,0.161,0.145,0.14,0.148,0.253,0.328,0.412,0.329,0.305,0.334,0.135,0.14,0.188,0.133,0.163,0.144,0.305,0.261,0.289,0.253,0.274,0.289,0.156,0.154,0.144,0.158,0.173,0.14,0.085,0.084,0.084,0.084,0.084,0.084,0.084,0.084,0.085,0.084,0.084,0.087,0.086,0.085,0.084,0.086,0.084,0.086,0.084,0.084,0.084,0.084,0.085,0.087,0.087,0.085,0.085,0.084,0.085,0.084,0.084,0.084,0.084,0.084,0.088,0.087,0.087,0.087,0.086,0.085,0.084,0.084,0.082,0.081,0.085,0.081,0.082,0.081
3,0.355,0.314,0.379,0.333,0.372,0.336,0.351,0.551,0.37,0.386,0.374,0.408,0.348,0.367,0.35,0.398,0.392,0.371,0.31,0.345,0.35,0.381,0.384,0.4,0.348,0.336,0.334,0.38,0.354,0.366,0.083,0.084,0.084,0.085,0.085,0.086,0.296,0.333,0.311,0.325,0.322,0.313,0.084,0.084,0.084,0.085,0.084,0.086,0.305,0.31,0.291,0.275,0.267,0.274,0.084,0.084,0.086,0.084,0.084,0.086,0.392,0.274,0.374,0.367,0.35,0.34,0.085,0.085,0.084,0.085,0.085,0.088,0.338,0.312,0.412,0.328,0.393,0.359,0.086,0.084,0.088,0.084,0.091,0.088,0.358,0.383,0.382,0.319,0.393,0.328,0.082,0.08,0.079,0.081,0.081,0.081,0.362,0.364,0.367,0.387,0.38,0.403,0.765,0.729,0.733,0.787,0.761,0.75,0.348,0.399,0.388,0.404,0.417,0.422,0.794,0.791,0.8,0.774,0.761,0.721,0.349,0.356,0.341,0.334,0.341,0.35,0.71,0.774,0.767,0.726,0.779,0.781,0.275,0.264,0.312,0.306,0.31,0.325,0.083,0.083,0.085,0.084,0.084,0.086,0.274,0.294,0.303,0.299,0.321,0.332,0.084,0.084,0.085,0.084,0.084,0.086,0.343,0.359,0.37,0.318,0.346,0.31,0.084,0.084,0.085,0.084,0.084,0.088,0.09,0.086,0.081,0.081,0.079,0.079,0.08,0.078,0.078,0.078,0.082,0.08,0.095,0.089,0.087,0.085,0.082,0.081,0.083,0.082,0.081,0.084,0.083,0.083,0.373,0.413,0.317,0.316,0.386,0.385,0.168,0.153,0.181,0.157,0.129,0.178,0.347,0.443,0.504,0.47,0.438,0.395,0.131,0.149,0.175,0.156,0.149,0.159,0.383,0.448,0.469,0.409,0.377,0.4,0.144,0.162,0.146,0.142,0.176,0.156,0.352,0.351,0.352,0.328,0.319,0.315,0.192,0.174,0.157,0.174,0.196,0.152,0.084,0.084,0.084,0.084,0.084,0.084,0.084,0.084,0.084,0.084,0.084,0.086,0.086,0.085,0.084,0.086,0.084,0.085,0.084,0.084,0.084,0.084,0.084,0.087,0.086,0.085,0.085,0.084,0.084,0.084,0.084,0.084,0.084,0.084,0.088,0.087,0.087,0.087,0.086,0.085,0.084,0.084,0.082,0.08,0.081,0.081,0.082,0.081
3.5,0.384,0.382,0.448,0.398,0.44,0.424,0.429,0.418,0.438,0.472,0.445,0.439,0.41,0.449,0.428,0.516,0.496,0.446,0.387,0.415,0.416,0.417,0.415,0.433,0.44,0.452,0.444,0.475,0.441,0.456,0.083,0.084,0.084,0.084,0.085,0.086,0.309,0.416,0.353,0.374,0.37,0.392,0.084,0.083,0.084,0.085,0.084,0.086,0.295,0.35,0.291,0.319,0.3,0.28,0.084,0.084,0.086,0.084,0.084,0.086,0.366,0.257,0.408,0.416,0.394,0.33,0.085,0.085,0.084,0.084,0.085,0.088,0.408,0.409,0.388,0.327,0.496,0.491,0.086,0.084,0.087,0.084,0.091,0.088,0.415,0.431,0.42,0.504,0.424,0.356,0.082,0.08,0.079,0.081,0.081,0.08,0.427,0.383,0.434,0.412,0.483,0.46,0.935,0.912,0.921,0.966,0.948,0.935,0.439,0.455,0.391,0.474,0.514,0.6,0.959,0.964,0.971,0.952,0.926,0.905,0.388,0.44,0.398,0.427,0.438,0.447,0.882,0.963,0.954,0.916,0.95,0.957,0.363,0.395,0.343,0.44,0.416,0.44,0.083,0.083,0.085,0.084,0.084,0.086,0.342,0.319,0.426,0.4,0.379,0.434,0.084,0.084,0.085,0.084,0.084,0.086,0.347,0.417,0.377,0.368,0.36,0.368,0.084,0.084,0.085,0.084,0.085,0.087,0.091,0.086,0.081,0.08,0.079,0.079,0.08,0.078,0.077,0.078,0.082,0.081,0.095,0.089,0.087,0.085,0.082,0.081,0.083,0.082,0.081,0.083,0.083,0.082,0.441,0.46,0.44,0.388,0.451,0.463,0.198,0.182,0.218,0.189,0.147,0.211,0.42,0.555,0.522,0.506,0.476,0.488,0.145,0.169,0.203,0.181,0.172,0.186,0.46,0.422,0.534,0.489,0.516,0.444,0.16,0.168,0.414,0.161,0.2,0.172,0.452,0.652,0.48,0.424,0.392,0.413,0.196,0.194,0.182,0.193,0.24,0.169,0.085,0.084,0.084,0.084,0.084,0.084,0.084,0.084,0.085,0.084,0.084,0.086,0.085,0.085,0.084,0.086,0.084,0.085,0.084,0.084,0.084,0.084,0.084,0.087,0.087,0.085,0.085,0.085,0.084,0.084,0.085,0.084,0.084,0.084,0.088,0.088,0.087,0.087,0.086,0.086,0.084,0.084,0.082,0.08,0.08,0.081,0.081,0.081
4,0.489,0.536,0.533,0.511,0.505,0.502,0.482,0.476,0.491,0.498,0.501,0.486,0.461,0.516,0.51,0.511,0.502,0.525,0.425,0.449,0.44,0.461,0.462,0.466,0.454,0.49,0.438,0.535,0.451,0.466,0.084,0.084,0.084,0.085,0.085,0.086,0.379,0.368,0.383,0.411,0.378,0.351,0.084,0.084,0.084,0.085,0.084,0.086,0.374,0.439,0.396,0.367,0.36,0.343,0.084,0.084,0.086,0.084,0.084,0.087,0.428,0.346,0.43,0.432,0.431,0.359,0.085,0.085,0.084,0.085,0.086,0.088,0.43,0.415,0.442,0.419,0.487,0.479,0.086,0.085,0.088,0.085,0.091,0.088,0.441,0.482,0.457,0.377,0.426,0.406,0.082,0.08,0.079,0.081,0.081,0.081,0.501,0.494,0.511,0.524,0.52,0.532,1.044,1.035,1.049,1.06,1.034,1.028,0.392,0.431,0.476,0.459,0.441,0.468,1.04,1.052,1.052,1.041,1.025,1.019,0.417,0.445,0.45,0.433,0.442,0.455,1.015,1.067,1.068,1.034,1.05,1.033,0.265,0.264,0.288,0.316,0.325,0.37,0.083,0.083,0.085,0.084,0.084,0.086,0.453,0.38,0.414,0.411,0.407,0.436,0.084,0.084,0.085,0.084,0.084,0.086,0.413,0.439,0.391,0.412,0.408,0.407,0.084,0.084,0.085,0.084,0.085,0.088,0.091,0.086,0.081,0.08,0.079,0.08,0.08,0.078,0.078,0.078,0.082,0.08,0.095,0.089,0.087,0.085,0.082,0.081,0.083,0.082,0.081,0.083,0.083,0.082,0.456,0.584,0.432,0.444,0.603,0.525,0.224,0.2,0.241,0.208,0.158,0.234,0.396,0.643,0.648,0.695,0.717,0.533,0.16,0.19,0.236,0.202,0.192,0.207,0.46,0.412,0.664,0.533,0.538,0.576,0.18,0.189,0.238,0.182,0.23,0.194,0.457,0.504,0.451,0.462,0.461,0.46,0.338,0.227,0.211,0.338,0.288,0.197,0.084,0.084,0.084,0.084,0.084,0.084,0.084,0.084,0.085,0.084,0.084,0.086,0.085,0.085,0.084,0.086,0.084,0.085,0.084,0.084,0.084,0.084,0.085,0.087,0.086,0.084,0.085,0.085,0.084,0.084,0.085,0.084,0.084,0.084,0.088,0.087,0.087,0.087,0.086,0.085,0.084,0.084,0.082,0.08,0.08,0.081,0.081,0.081
4.5,0.534,0.601,0.624,0.595,0.698,0.599,0.591,0.536,0.553,0.644,0.558,0.529,0.569,0.57,0.587,0.59,0.815,0.654,0.467,0.494,0.484,0.596,0.517,0.557,0.659,0.424,0.515,0.666,0.656,0.675,0.083,0.084,0.084,0.085,0.085,0.086,0.451,0.452,0.447,0.681,0.433,0.451,0.084,0.084,0.084,0.085,0.084,0.086,0.411,0.566,0.426,0.549,0.474,0.572,0.084,0.084,0.086,0.084,0.084,0.087,0.524,0.461,0.493,0.301,0.404,0.479,0.085,0.086,0.084,0.084,0.085,0.088,0.528,0.454,0.55,0.533,0.547,0.464,0.086,0.085,0.088,0.085,0.091,0.088,0.534,0.583,0.535,0.588,0.485,0.511,0.082,0.08,0.079,0.08,0.081,0.08,0.526,0.533,0.544,0.547,0.688,0.549,1.146,1.109,1.131,1.158,1.123,1.119,0.489,0.46,0.612,0.614,0.565,0.543,1.152,1.143,1.149,1.136,1.133,1.115,0.671,0.559,0.656,0.603,0.599,0.596,1.113,1.144,1.166,1.123,1.153,1.134,0.472,0.416,0.556,0.508,0.526,0.461,0.084,0.083,0.085,0.085,0.084,0.087,0.467,0.445,0.503,0.489,0.471,0.513,0.085,0.084,0.085,0.084,0.084,0.086,0.422,0.48,0.548,0.495,0.486,0.516,0.084,0.085,0.085,0.085,0.085,0.088,0.091,0.086,0.082,0.081,0.079,0.08,0.08,0.079,0.078,0.078,0.082,0.081,0.096,0.089,0.087,0.085,0.082,0.081,0.083,0.082,0.081,0.084,0.084,0.083,0.562,0.62,0.553,0.566,0.592,0.578,0.239,0.215,0.262,0.226,0.169,0.252,0.497,0.576,0.589,0.685,0.611,0.581,0.171,0.207,0.261,0.225,0.212,0.225,0.405,0.453,0.546,0.534,0.569,0.536,0.195,0.207,0.177,0.201,0.256,0.214,0.492,0.458,0.511,0.498,0.482,0.481,0.384,0.331,0.233,0.365,0.338,0.214,0.084,0.084,0.084,0.084,0.083,0.084,0.084,0.084,0.084,0.084,0.084,0.086,0.085,0.085,0.084,0.086,0.084,0.085,0.084,0.084,0.084,0.084,0.084,0.087,0.086,0.084,0.085,0.084,0.084,0.084,0.084,0.084,0.084,0.084,0.088,0.088,0.086,0.086,0.086,0.085,0.084,0.084,0.082,0.08,0.079,0.081,0.081,0.08
5,0.584,0.675,0.68,0.656,0.69,0.661,0.642,0.611,0.6,0.642,0.608,0.612,0.55,0.652,0.634,0.617,0.731,0.715,0.519,0.568,0.529,0.62,0.589,0.598,0.556,0.487,0.572,0.672,0.655,0.695,0.083,0.084,0.084,0.085,0.085,0.086,0.505,0.595,0.487,0.595,0.509,0.594,0.083,0.083,0.084,0.084,0.084,0.086,0.443,0.615,0.549,0.512,0.441,0.481,0.084,0.084,0.086,0.084,0.084,0.087,0.558,0.536,0.389,0.393,0.493,0.506,0.084,0.086,0.084,0.084,0.085,0.088,0.585,0.495,0.511,0.536,0.513,0.471,0.086,0.084,0.087,0.084,0.091,0.087,0.556,0.622,0.573,0.526,0.516,0.53,0.082,0.08,0.079,0.08,0.081,0.08,0.606,0.632,0.642,0.636,0.649,0.706,1.21,1.184,1.207,1.221,1.195,1.183,0.513,0.502,0.601,0.56,0.582,0.538,1.202,1.205,1.216,1.199,1.183,1.172,0.568,0.552,0.559,0.554,0.552,0.592,1.185,1.238,1.246,1.192,1.22,1.188,0.402,0.442,0.472,0.477,0.453,0.494,0.083,0.083,0.085,0.084,0.084,0.086,0.556,0.508,0.513,0.64,0.504,0.551,0.084,0.084,0.085,0.084,0.084,0.086,0.488,0.548,0.495,0.535,0.552,0.543,0.084,0.084,0.085,0.084,0.085,0.088,0.091,0.086,0.081,0.08,0.079,0.079,0.08,0.078,0.078,0.078,0.082,0.08,0.096,0.089,0.087,0.085,0.082,0.081,0.083,0.082,0.081,0.084,0.085,0.083,0.601,0.617,0.585,0.599,0.611,0.59,0.276,0.247,0.32,0.26,0.191,0.288,0.51,0.623,0.559,0.626,0.586,0.535,0.2,0.24,0.304,0.334,0.24,0.258,0.439,0.537,0.641,0.588,0.572,0.577,0.26,0.238,0.37,0.228,0.298,0.249,0.481,0.522,0.567,0.536,0.506,0.496,0.461,0.315,0.306,0.376,0.398,0.583,0.084,0.084,0.084,0.084,0.083,0.084,0.084,0.084,0.085,0.084,0.084,0.086,0.085,0.085,0.084,0.086,0.084,0.085,0.084,0.084,0.084,0.084,0.084,0.087,0.086,0.085,0.085,0.084,0.084,0.084,0.085,0.084,0.084,0.084,0.088,0.087,0.087,0.087,0.086,0.085,0.084,0.084,0.082,0.08,0.08,0.081,0.082,0.08
5.5,0.633,0.681,0.708,0.722,0.792,0.686,0.682,0.646,0.699,0.698,0.676,0.672,0.582,0.684,0.706,0.648,0.814,0.716,0.601,0.583,0.629,0.713,0.632,0.65,0.653,0.592,0.641,0.746,0.678,0.761,0.083,0.084,0.083,0.084,0.084,0.086,0.616,0.639,0.573,0.666,0.621,0.636,0.083,0.083,0.084,0.084,0.083,0.086,0.444,0.651,0.676,0.506,0.427,0.513,0.084,0.084,0.086,0.084,0.084,0.086,0.641,0.662,0.486,0.55,0.502,0.481,0.084,0.085,0.084,0.084,0.085,0.087,0.622,0.558,0.621,0.588,0.534,0.558,0.085,0.084,0.087,0.084,0.09,0.087,0.664,0.758,0.753,0.598,0.632,0.668,0.082,0.08,0.078,0.08,0.08,0.08,0.682,0.709,0.694,0.691,0.719,0.664,1.301,1.248,1.233,1.261,1.215,1.203,0.62,0.643,0.695,0.672,0.704,0.672,1.325,1.29,1.296,1.263,1.248,1.197,0.527,0.602,0.61,0.67,0.673,0.56,1.269,1.287,1.316,1.252,1.294,1.276,0.413,0.422,0.428,0.465,0.388,0.412,0.083,0.083,0.085,0.084,0.084,0.086,0.528,0.517,0.528,0.584,0.498,0.547,0.084,0.084,0.085,0.084,0.084,0.086,0.58,0.51,0.551,0.52,0.55,0.578,0.084,0.084,0.085,0.084,0.085,0.087,0.091,0.086,0.081,0.08,0.079,0.079,0.08,0.078,0.078,0.078,0.082,0.08,0.095,0.089,0.087,0.085,0.082,0.081,0.083,0.082,0.081,0.084,0.084,0.082,0.628,0.651,0.638,0.64,0.674,0.658,0.308,0.274,0.34,0.336,0.21,0.317,0.501,0.631,0.654,0.674,0.648,0.655,0.218,0.267,0.333,0.287,0.267,0.287,0.481,0.595,0.626,0.609,0.611,0.609,0.253,0.267,0.23,0.306,0.333,0.285,0.589,0.582,0.67,0.556,0.545,0.576,0.399,0.408,0.342,0.38,0.405,0.289,0.084,0.084,0.084,0.084,0.083,0.084,0.084,0.084,0.084,0.084,0.084,0.086,0.085,0.085,0.084,0.086,0.084,0.085,0.084,0.084,0.084,0.084,0.084,0.087,0.086,0.085,0.085,0.084,0.084,0.084,0.085,0.084,0.084,0.084,0.088,0.087,0.087,0.086,0.086,0.085,0.084,0.084,0.082,0.08,0.079,0.081,0.081,0.08
6,0.667,0.721,0.752,0.748,0.773,0.769,0.706,0.742,0.722,0.74,0.777,0.716,0.612,0.659,0.636,0.687,0.816,0.745,0.615,0.618,0.665,0.736,0.756,0.611,0.675,0.645,0.601,0.713,0.634,0.599,0.084,0.084,0.084,0.085,0.085,0.086,0.695,0.652,0.557,0.696,0.685,0.651,0.084,0.084,0.084,0.085,0.084,0.086,0.466,0.708,0.517,0.523,0.484,0.569,0.084,0.084,0.086,0.084,0.084,0.087,0.623,0.646,0.643,0.641,0.622,0.673,0.085,0.086,0.084,0.085,0.086,0.088,0.743,0.626,0.651,0.567,0.537,0.606,0.086,0.085,0.088,0.085,0.091,0.088,0.681,0.768,0.793,0.721,0.747,0.632,0.082,0.08,0.079,0.081,0.081,0.081,0.648,0.704,0.758,0.775,0.76,0.706,1.365,1.314,1.305,1.312,1.289,1.278,0.61,0.672,0.75,0.731,0.788,0.772,1.385,1.359,1.36,1.327,1.319,1.271,0.566,0.719,0.655,0.673,0.665,0.662,1.354,1.369,1.384,1.325,1.367,1.34,0.446,0.617,0.553,0.545,0.573,0.497,0.083,0.083,0.085,0.084,0.084,0.086,0.655,0.52,0.565,0.59,0.565,0.617,0.084,0.084,0.085,0.084,0.084,0.086,0.628,0.554,0.578,0.474,0.6,0.542,0.084,0.084,0.084,0.084,0.085,0.087,0.09,0.086,0.081,0.08,0.078,0.079,0.08,0.078,0.078,0.078,0.081,0.08,0.095,0.088,0.087,0.085,0.082,0.081,0.083,0.082,0.08,0.083,0.083,0.082,0.713,0.712,0.687,0.726,0.786,0.801,0.366,0.324,0.404,0.34,0.242,0.377,0.668,0.751,0.837,0.867,0.759,0.719,0.254,0.316,0.397,0.347,0.316,0.34,0.584,0.77,0.78,0.719,0.687,0.825,0.311,0.316,0.579,0.343,0.389,0.334,0.665,0.56,0.681,0.625,0.589,0.661,0.615,0.441,0.556,0.391,0.493,0.369,0.084,0.084,0.084,0.084,0.083,0.084,0.084,0.084,0.085,0.084,0.084,0.086,0.085,0.085,0.084,0.086,0.084,0.085,0.084,0.084,0.084,0.084,0.084,0.087,0.086,0.085,0.085,0.084,0.084,0.084,0.085,0.084,0.084,0.084,0.088,0.087,0.087,0.087,0.086,0.085,0.084,0.084,0.082,0.08,0.079,0.081,0.081,0.08
6.5,0.742,0.768,0.798,0.8,0.864,0.798,0.757,0.783,0.786,0.821,0.786,0.748,0.723,0.718,0.715,0.784,0.868,0.842,0.731,0.738,0.718,0.674,0.672,0.714,0.664,0.672,0.696,0.642,0.817,0.637,0.084,0.084,0.084,0.084,0.085,0.086,0.67,0.622,0.704,0.784,0.65,0.799,0.084,0.084,0.084,0.084,0.084,0.086,0.448,0.671,0.467,0.488,0.454,0.55,0.084,0.084,0.086,0.084,0.084,0.086,0.649,0.513,0.613,0.536,0.532,0.559,0.084,0.085,0.084,0.084,0.085,0.088,0.825,0.658,0.615,0.652,0.753,0.658,0.086,0.084,0.087,0.084,0.09,0.087,0.739,0.804,0.826,0.764,0.796,0.737,0.082,0.079,0.079,0.08,0.08,0.08,0.79,0.745,0.785,0.803,0.83,0.767,1.434,1.391,1.404,1.409,1.377,1.361,0.697,0.733,0.71,0.761,0.788,0.819,1.425,1.43,1.428,1.377,1.392,1.365,0.69,0.68,0.645,0.645,0.625,0.662,1.418,1.444,1.464,1.398,1.432,1.394,0.589,0.544,0.568,0.526,0.573,0.586,0.083,0.083,0.084,0.084,0.084,0.086,0.829,0.668,0.7,0.72,0.713,0.676,0.084,0.084,0.085,0.084,0.084,0.086,0.64,0.611,0.592,0.538,0.633,0.552,0.084,0.084,0.085,0.084,0.085,0.087,0.091,0.088,0.081,0.08,0.079,0.079,0.08,0.078,0.078,0.078,0.081,0.08,0.095,0.089,0.087,0.085,0.082,0.081,0.083,0.082,0.081,0.083,0.084,0.082,0.822,0.851,0.781,0.843,0.839,0.85,0.413,0.37,0.443,0.391,0.279,0.431,0.747,0.83,0.891,0.93,0.838,0.81,0.294,0.368,0.45,0.525,0.364,0.387,0.586,0.865,0.855,0.768,0.872,0.867,0.34,0.377,0.64,0.385,0.447,0.379,0.68,0.588,0.618,0.627,0.644,0.667,0.545,0.573,0.37,0.437,0.532,0.425,0.084,0.084,0.084,0.084,0.084,0.084,0.084,0.084,0.084,0.084,0.084,0.086,0.085,0.085,0.084,0.086,0.084,0.086,0.084,0.084,0.084,0.084,0.084,0.087,0.086,0.085,0.085,0.084,0.084,0.084,0.084,0.084,0.084,0.084,0.088,0.087,0.087,0.086,0.086,0.085,0.084,0.084,0.082,0.08,0.08,0.081,0.081,0.08
7,0.743,0.875,0.856,0.923,0.877,0.865,0.811,0.849,0.841,0.808,0.855,0.79,0.737,0.832,0.875,0.876,0.941,0.868,0.674,0.712,0.693,0.716,0.697,0.702,0.782,0.924,0.746,0.808,0.819,0.899,0.083,0.084,0.083,0.084,0.084,0.086,0.707,0.784,0.702,0.702,0.735,0.675,0.083,0.083,0.084,0.084,0.084,0.086,0.581,0.651,0.408,0.474,0.448,0.488,0.084,0.084,0.086,0.083,0.084,0.086,0.754,0.556,0.559,0.461,0.558,0.629,0.084,0.085,0.084,0.084,0.085,0.088,0.855,0.726,0.692,0.675,0.8,0.853,0.085,0.084,0.087,0.084,0.09,0.087,0.791,0.861,0.853,0.754,0.829,0.778,0.081,0.079,0.078,0.08,0.08,0.08,0.806,0.804,0.831,0.863,0.829,0.815,1.471,1.428,1.444,1.448,1.411,1.394,0.756,0.832,0.869,0.846,0.868,0.884,1.452,1.442,1.456,1.434,1.424,1.389,0.671,0.611,0.668,0.678,0.634,0.611,1.446,1.48,1.51,1.428,1.459,1.42,0.547,0.521,0.592,0.494,0.488,0.543,0.083,0.083,0.085,0.085,0.084,0.086,0.866,0.713,0.716,0.71,0.744,0.706,0.084,0.084,0.085,0.084,0.084,0.086,0.648,0.685,0.637,0.698,0.712,0.65,0.084,0.084,0.085,0.084,0.085,0.087,0.091,0.086,0.081,0.081,0.079,0.079,0.08,0.078,0.084,0.078,0.081,0.08,0.097,0.09,0.087,0.086,0.082,0.081,0.083,0.082,0.081,0.083,0.084,0.082,0.822,0.956,0.907,0.885,0.895,0.869,0.456,0.415,0.498,0.441,0.323,0.472,0.781,0.962,0.88,0.896,0.921,0.85,0.342,0.425,0.483,0.524,0.422,0.449,0.835,1.004,0.924,0.904,0.856,0.81,0.39,0.42,0.436,0.433,0.472,0.436,0.771,0.778,0.667,0.674,0.69,0.711,0.784,0.446,0.39,0.682,0.501,0.482,0.084,0.084,0.084,0.084,0.084,0.084,0.084,0.084,0.084,0.084,0.084,0.086,0.086,0.085,0.084,0.086,0.084,0.085,0.084,0.085,0.084,0.084,0.085,0.087,0.086,0.085,0.085,0.084,0.084,0.084,0.085,0.084,0.084,0.084,0.088,0.088,0.087,0.086,0.086,0.085,0.084,0.084,0.083,0.08,0.079,0.081,0.081,0.08
7.5,0.748,0.925,0.857,0.955,0.922,0.914,0.859,0.84,0.861,0.872,0.868,0.774,0.725,0.901,0.952,0.923,1.033,0.91,0.706,0.716,0.737,0.767,0.773,0.672,0.775,0.859,0.823,0.804,0.814,0.757,0.083,0.084,0.084,0.084,0.085,0.086,0.734,0.892,0.844,0.814,0.763,0.757,0.084,0.084,0.084,0.084,0.084,0.086,0.709,0.716,0.464,0.641,0.532,0.664,0.084,0.084,0.086,0.084,0.084,0.086,0.704,0.56,0.636,0.635,0.504,0.647,0.084,0.085,0.084,0.084,0.085,0.088,0.862,0.737,0.753,0.816,0.779,0.899,0.086,0.084,0.087,0.084,0.09,0.088,0.843,0.885,0.875,0.854,0.895,0.846,0.081,0.08,0.078,0.08,0.08,0.08,0.794,0.809,0.832,0.864,0.843,0.828,1.465,1.431,1.434,1.435,1.414,1.395,0.695,0.758,0.803,0.782,0.815,0.839,1.458,1.455,1.455,1.428,1.418,1.404,0.691,0.619,0.676,0.638,0.677,0.673,1.448,1.475,1.49,1.432,1.457,1.418,0.738,0.713,0.677,0.719,0.612,0.615,0.083,0.083,0.085,0.084,0.084,0.086,0.816,0.691,0.672,0.641,0.67,0.684,0.084,0.084,0.085,0.084,0.084,0.086,0.688,0.726,0.704,0.686,0.723,0.754,0.084,0.084,0.085,0.084,0.085,0.088,0.091,0.086,0.081,0.081,0.078,0.079,0.08,0.078,0.078,0.078,0.081,0.08,0.096,0.089,0.088,0.085,0.082,0.081,0.083,0.081,0.081,0.083,0.083,0.082,0.882,1.012,0.984,0.972,1.008,1.017,0.466,0.475,0.524,0.472,0.371,0.527,0.842,1.13,1.112,1.088,1.026,1.081,0.394,0.489,0.514,0.501,0.467,0.576,0.889,1.061,0.97,0.986,0.895,1.027,0.428,0.432,0.427,0.515,0.496,0.49,0.81,0.709,0.701,0.733,0.72,0.747,0.518,0.43,0.436,0.678,0.457,0.449,0.085,0.084,0.084,0.084,0.084,0.084,0.084,0.084,0.085,0.084,0.084,0.086,0.085,0.085,0.084,0.086,0.084,0.085,0.084,0.084,0.084,0.084,0.084,0.087,0.086,0.085,0.085,0.084,0.084,0.084,0.085,0.084,0.084,0.084,0.088,0.088,0.087,0.087,0.086,0.085,0.084,0.084,0.083,0.08,0.082,0.081,0.082,0.08
8,0.809,0.855,0.872,0.85,0.838,0.863,0.848,0.835,0.835,0.877,0.833,0.822,0.749,0.8,0.775,0.776,0.809,0.846,0.634,0.716,0.719,0.735,0.718,0.713,0.725,0.748,0.707,0.71,0.718,0.711,0.083,0.084,0.084,0.084,0.085,0.086,0.724,0.646,0.69,0.71,0.705,0.774,0.084,0.084,0.084,0.084,0.083,0.086,0.748,0.677,0.709,0.767,0.734,0.734,0.084,0.084,0.086,0.084,0.084,0.086,0.783,0.822,0.758,0.73,0.768,0.739,0.084,0.085,0.084,0.084,0.085,0.087,0.822,0.828,0.814,0.804,0.848,0.803,0.085,0.084,0.086,0.084,0.09,0.087,0.869,0.858,0.856,0.839,0.884,0.876,0.081,0.08,0.078,0.08,0.08,0.079,0.848,0.852,0.87,0.876,0.862,0.844,1.47,1.404,1.409,1.401,1.387,1.363,0.682,0.789,0.813,0.77,0.806,0.821,1.513,1.492,1.471,1.442,1.421,1.383,0.758,0.755,0.644,0.709,0.708,0.753,1.481,1.487,1.492,1.455,1.476,1.45,0.822,0.755,0.78,0.815,0.769,0.783,0.083,0.083,0.084,0.084,0.084,0.086,0.862,0.695,0.714,0.67,0.706,0.7,0.084,0.084,0.085,0.084,0.084,0.086,0.746,0.752,0.768,0.74,0.789,0.835,0.084,0.084,0.084,0.084,0.085,0.087,0.091,0.087,0.081,0.08,0.079,0.079,0.08,0.078,0.081,0.077,0.081,0.08,0.098,0.089,0.091,0.085,0.082,0.081,0.083,0.081,0.081,0.083,0.083,0.082,0.861,0.892,0.933,0.933,0.972,0.966,0.503,0.501,0.538,0.516,0.409,0.537,0.862,0.991,0.98,1.012,0.975,0.985,0.432,0.507,0.579,0.539,0.502,0.511,0.887,0.927,0.943,0.885,0.846,0.876,0.441,0.488,0.454,0.603,0.547,0.502,0.871,0.803,0.788,0.798,0.738,0.681,0.508,0.431,0.454,0.522,0.511,0.466,0.084,0.084,0.084,0.085,0.084,0.084,0.084,0.084,0.085,0.084,0.084,0.087,0.086,0.085,0.085,0.087,0.084,0.086,0.084,0.085,0.084,0.084,0.085,0.087,0.087,0.085,0.085,0.085,0.085,0.084,0.085,0.084,0.084,0.084,0.088,0.088,0.087,0.087,0.086,0.085,0.084,0.084,0.084,0.08,0.079,0.081,0.082,0.08
8.5,0.826,1.021,0.99,1.019,1.027,0.99,0.912,0.913,0.998,0.946,1.002,0.932,0.9,0.98,1.046,1,0.966,0.978,0.738,0.707,0.71,0.78,0.8,0.808,0.93,0.967,0.918,0.903,0.913,1,0.083,0.084,0.084,0.084,0.085,0.086,0.878,0.963,0.869,0.93,0.825,0.712,0.083,0.083,0.084,0.084,0.083,0.086,0.733,0.689,0.747,0.765,0.741,0.747,0.084,0.084,0.086,0.084,0.084,0.087,0.807,0.688,0.741,0.671,0.698,0.836,0.084,0.085,0.084,0.084,0.085,0.088,0.917,0.94,1.008,0.901,0.887,0.89,0.086,0.084,0.087,0.084,0.09,0.087,1.023,0.964,0.957,0.944,0.964,0.922,0.082,0.08,0.079,0.08,0.08,0.079,0.914,0.908,0.927,0.968,0.958,0.938,1.55,1.5,1.503,1.511,1.492,1.478,0.859,0.974,0.974,0.982,0.981,0.951,1.571,1.561,1.56,1.543,1.534,1.5,0.745,0.701,0.71,0.702,0.693,0.759,1.56,1.586,1.609,1.556,1.569,1.526,0.822,0.766,0.754,0.789,0.713,0.717,0.083,0.083,0.085,0.084,0.084,0.086,0.897,0.744,0.766,0.768,0.779,0.899,0.084,0.084,0.085,0.084,0.084,0.086,0.76,0.76,0.78,0.762,0.769,0.76,0.084,0.084,0.085,0.084,0.085,0.088,0.091,0.086,0.082,0.08,0.079,0.079,0.08,0.078,0.094,0.077,0.081,0.08,0.118,0.089,0.087,0.085,0.082,0.081,0.083,0.081,0.081,0.083,0.083,0.082,0.902,0.94,0.986,0.975,1.004,0.96,0.521,0.521,0.536,0.549,0.461,0.529,0.91,1.033,1.093,1.137,1.01,1.056,0.466,0.557,0.566,0.572,0.547,0.542,0.912,0.903,0.979,0.984,0.953,1.013,0.496,0.528,0.495,0.533,0.558,0.505,0.917,0.868,0.894,0.838,0.771,0.694,0.493,0.46,0.496,0.686,0.527,0.475,0.084,0.084,0.084,0.084,0.084,0.084,0.084,0.084,0.085,0.084,0.084,0.086,0.085,0.085,0.084,0.086,0.084,0.085,0.084,0.084,0.084,0.084,0.084,0.087,0.086,0.085,0.085,0.084,0.084,0.084,0.085,0.084,0.084,0.084,0.088,0.087,0.087,0.087,0.086,0.085,0.084,0.084,0.084,0.08,0.079,0.081,0.082,0.08
9,0.872,0.902,0.879,0.899,0.902,0.916,0.907,0.887,0.904,0.916,0.893,0.891,0.832,0.832,0.867,0.836,0.892,0.876,0.734,0.757,0.727,0.741,0.729,0.734,0.837,0.853,0.779,0.846,0.833,0.803,0.083,0.084,0.083,0.084,0.085,0.086,0.802,0.702,0.706,0.764,0.743,0.73,0.083,0.083,0.084,0.084,0.083,0.086,0.848,0.737,0.793,0.79,0.753,0.772,0.083,0.084,0.086,0.084,0.084,0.086,0.868,0.845,0.807,0.78,0.785,0.796,0.084,0.085,0.084,0.084,0.085,0.087,0.88,0.924,0.837,0.836,0.778,0.848,0.085,0.084,0.087,0.084,0.09,0.087,0.987,0.917,0.964,0.908,0.92,0.939,0.081,0.08,0.078,0.08,0.08,0.079,0.91,0.929,0.976,0.995,0.977,0.95,1.59,1.538,1.534,1.529,1.506,1.484,0.834,1.006,0.999,0.984,1.013,1.026,1.616,1.6,1.587,1.557,1.549,1.512,0.812,0.778,0.819,0.782,0.758,0.776,1.613,1.623,1.632,1.589,1.605,1.561,0.912,0.864,0.85,0.884,0.835,0.787,0.083,0.083,0.085,0.084,0.084,0.086,0.965,0.807,0.878,0.838,0.85,0.926,0.084,0.084,0.085,0.084,0.084,0.086,0.806,0.846,0.861,0.798,0.87,0.796,0.085,0.085,0.085,0.084,0.085,0.088,0.092,0.087,0.082,0.081,0.079,0.08,0.081,0.078,0.093,0.078,0.082,0.08,0.098,0.09,0.088,0.086,0.083,0.081,0.083,0.082,0.081,0.083,0.083,0.082,0.88,0.863,0.893,0.931,0.928,0.944,0.521,0.546,0.535,0.513,0.456,0.52,0.773,0.952,0.955,1.024,0.95,0.939,0.475,0.544,0.559,0.542,0.528,0.51,0.731,0.883,0.869,0.863,0.794,0.832,0.464,0.487,0.475,0.528,0.513,0.472,0.87,0.873,0.832,0.85,0.77,0.768,0.454,0.563,0.478,0.482,0.563,0.484,0.084,0.084,0.084,0.084,0.084,0.084,0.084,0.084,0.085,0.084,0.084,0.086,0.085,0.085,0.084,0.086,0.084,0.085,0.084,0.084,0.084,0.084,0.084,0.087,0.086,0.084,0.085,0.084,0.084,0.084,0.085,0.084,0.084,0.084,0.088,0.087,0.087,0.086,0.086,0.085,0.084,0.084,0.084,0.08,0.079,0.081,0.081,0.08
9.5,0.889,1,0.955,0.99,1.013,1.066,0.978,0.975,1.021,0.984,1.01,0.962,0.936,1.1,1.125,0.955,1.17,1.099,0.732,0.722,0.725,0.734,0.721,0.723,0.933,1.121,1.073,1.115,1.071,1.042,0.083,0.084,0.084,0.084,0.084,0.086,1.016,0.954,0.944,1.036,1.005,1.022,0.084,0.084,0.084,0.084,0.084,0.086,0.834,0.812,0.819,0.78,0.787,0.813,0.084,0.084,0.086,0.084,0.084,0.086,0.877,0.899,0.869,0.804,0.817,0.858,0.084,0.085,0.084,0.084,0.085,0.088,0.948,0.963,0.843,0.939,0.916,1.007,0.086,0.084,0.087,0.084,0.09,0.088,1.035,0.986,0.97,0.898,0.982,0.986,0.082,0.079,0.079,0.08,0.08,0.079,0.911,0.933,0.92,0.961,0.947,0.932,1.568,1.524,1.538,1.532,1.508,1.491,0.77,0.88,0.914,0.866,0.892,0.931,1.634,1.618,1.613,1.585,1.564,1.519,0.842,0.85,0.792,0.794,0.802,0.81,1.619,1.643,1.645,1.596,1.605,1.561,0.904,0.882,0.86,0.869,0.846,0.853,0.083,0.083,0.084,0.084,0.084,0.086,0.948,0.813,0.778,0.752,0.776,0.816,0.084,0.084,0.085,0.084,0.084,0.086,0.83,0.849,0.884,0.848,0.838,0.844,0.084,0.084,0.085,0.084,0.085,0.087,0.092,0.086,0.082,0.081,0.079,0.08,0.081,0.078,0.097,0.078,0.081,0.08,0.098,0.09,0.088,0.086,0.082,0.081,0.083,0.081,0.081,0.083,0.085,0.082,0.978,0.927,0.94,0.929,0.949,0.955,0.597,0.59,0.56,0.525,0.501,0.57,0.804,0.928,0.932,0.937,0.945,0.929,0.487,0.571,0.623,0.582,0.545,0.552,0.794,0.866,0.912,0.888,0.838,0.865,0.503,0.512,0.474,0.495,0.529,0.554,0.922,0.947,0.924,0.879,0.776,0.781,0.528,0.72,0.504,0.46,0.623,0.534,0.084,0.084,0.084,0.084,0.084,0.084,0.084,0.084,0.084,0.084,0.084,0.086,0.085,0.085,0.084,0.086,0.084,0.085,0.084,0.084,0.084,0.084,0.085,0.087,0.086,0.085,0.084,0.084,0.084,0.084,0.085,0.084,0.084,0.084,0.088,0.087,0.087,0.087,0.086,0.085,0.084,0.084,0.085,0.08,0.079,0.081,0.082,0.08
10,0.916,0.9,0.972,1.066,1.003,0.998,0.996,0.974,1.001,1.04,1.008,0.987,0.94,1.115,1.104,1.092,1.095,1.063,0.852,0.787,0.8,0.818,0.807,0.8,0.931,1.015,1.023,1.023,1.049,1.058,0.083,0.084,0.084,0.084,0.085,0.086,0.958,0.932,0.983,0.993,0.957,0.967,0.084,0.084,0.084,0.084,0.084,0.086,0.894,0.862,0.812,0.812,0.803,0.833,0.084,0.084,0.086,0.084,0.084,0.087,0.898,0.862,0.868,0.874,0.837,0.792,0.084,0.085,0.084,0.084,0.085,0.088,0.982,0.993,0.947,0.934,0.87,0.89,0.085,0.084,0.087,0.084,0.091,0.088,1.003,0.97,1.018,0.951,0.999,1.024,0.082,0.08,0.079,0.08,0.08,0.08,0.939,0.97,1.025,1.006,0.945,0.962,1.645,1.588,1.594,1.578,1.558,1.53,0.922,1.032,1.053,1.042,1.079,1.051,1.665,1.659,1.652,1.628,1.607,1.57,0.873,0.903,0.86,0.868,0.861,0.866,1.666,1.68,1.686,1.651,1.658,1.612,0.931,0.938,0.894,0.889,0.799,0.852,0.083,0.083,0.085,0.084,0.084,0.086,0.94,0.849,0.816,0.865,0.908,0.991,0.084,0.084,0.085,0.084,0.084,0.086,0.826,0.838,0.82,0.837,0.812,0.817,0.084,0.084,0.085,0.084,0.085,0.088,0.092,0.087,0.082,0.081,0.079,0.079,0.08,0.079,0.092,0.077,0.081,0.08,0.098,0.09,0.089,0.086,0.083,0.081,0.083,0.082,0.081,0.083,0.083,0.082,0.974,1.06,1.066,1.063,1.06,1.087,0.557,0.571,0.555,0.575,0.516,0.544,0.989,1.157,1.1,1.226,1.148,1.177,0.554,0.594,0.574,0.604,0.574,0.562,1.012,0.993,1.065,1.032,0.992,1.118,0.573,0.582,0.552,0.572,0.562,0.552,0.998,0.909,0.958,0.9,0.887,0.806,0.515,1.245,0.519,0.962,0.607,0.533,0.085,0.084,0.084,0.084,0.084,0.084,0.084,0.084,0.085,0.084,0.084,0.086,0.085,0.085,0.084,0.086,0.084,0.085,0.084,0.084,0.084,0.084,0.084,0.087,0.086,0.084,0.085,0.084,0.084,0.084,0.085,0.084,0.084,0.084,0.088,0.087,0.087,0.087,0.086,0.085,0.084,0.084,0.086,0.08,0.079,0.08,0.081,0.08
10.5,0.945,0.999,1.011,1.056,1.022,1.04,0.997,1.007,1.022,1.053,1.047,0.976,1.01,1.08,1.171,1.049,1.16,1.164,0.742,0.772,0.77,0.788,0.757,0.772,0.984,1.166,1.178,1.17,1.144,1.084,0.083,0.084,0.083,0.084,0.085,0.086,1.023,0.988,1.079,0.988,1.019,1.003,0.083,0.084,0.084,0.084,0.083,0.086,0.902,0.911,0.853,0.894,0.851,0.85,0.083,0.084,0.086,0.084,0.084,0.086,0.826,0.864,0.868,0.926,0.895,0.858,0.084,0.085,0.084,0.084,0.085,0.088,1.052,1.007,1.009,1.042,0.954,0.92,0.085,0.084,0.087,0.084,0.09,0.088,1.046,0.945,1.062,1.013,1.042,1.012,0.081,0.079,0.078,0.08,0.081,0.079,0.967,1.016,1.061,0.993,1.043,0.991,1.662,1.62,1.623,1.621,1.603,1.571,0.985,1.064,1.059,1.078,1.07,1.075,1.677,1.666,1.662,1.648,1.648,1.61,0.893,0.881,0.844,0.789,0.863,0.817,1.671,1.706,1.711,1.688,1.677,1.626,0.959,0.949,0.88,0.916,0.863,0.855,0.083,0.082,0.084,0.084,0.084,0.086,0.963,0.94,0.96,0.933,0.977,1.024,0.084,0.084,0.085,0.084,0.084,0.086,0.866,0.928,0.959,0.931,0.924,0.906,0.084,0.084,0.085,0.084,0.085,0.087,0.091,0.087,0.082,0.081,0.079,0.079,0.08,0.078,0.082,0.077,0.082,0.08,0.111,0.089,0.088,0.085,0.082,0.081,0.083,0.081,0.08,0.083,0.083,0.081,0.956,0.989,1.059,1.064,1.073,1.018,0.579,0.664,0.679,0.569,0.569,0.527,1.001,1.207,1.113,1.081,1.107,1.111,0.591,0.623,0.523,0.645,0.609,1.028,1.002,0.972,1.106,1.078,1.103,1.031,0.578,0.583,0.568,0.573,0.533,0.56,0.968,1.007,1.037,1.029,0.977,0.923,0.519,0.951,0.628,0.548,0.627,0.586,0.084,0.084,0.084,0.084,0.084,0.084,0.084,0.084,0.084,0.084,0.083,0.086,0.085,0.085,0.084,0.086,0.084,0.085,0.084,0.084,0.084,0.084,0.084,0.087,0.086,0.085,0.085,0.084,0.084,0.084,0.085,0.084,0.084,0.084,0.088,0.087,0.086,0.087,0.086,0.085,0.084,0.084,0.086,0.08,0.079,0.081,0.084,0.08
11,0.896,0.996,0.988,1.023,1.007,0.989,0.971,0.977,0.991,0.998,0.975,0.975,0.972,0.978,0.996,0.984,0.96,0.974,0.723,0.729,0.715,0.748,0.771,0.812,0.948,0.966,0.903,0.912,0.902,0.909,0.083,0.084,0.083,0.085,0.085,0.086,0.988,0.868,0.893,0.969,0.763,0.891,0.083,0.084,0.084,0.084,0.083,0.086,0.942,0.925,0.921,0.991,0.918,0.919,0.084,0.084,0.086,0.084,0.084,0.086,0.862,0.854,0.948,0.93,0.864,0.927,0.084,0.085,0.084,0.084,0.085,0.087,1.044,1.011,0.943,0.991,0.888,0.941,0.085,0.084,0.087,0.084,0.09,0.088,1.044,0.989,1.049,0.968,0.959,1.039,0.081,0.079,0.079,0.08,0.08,0.079,0.963,1.016,1.066,1.044,1.01,0.983,1.683,1.645,1.64,1.64,1.627,1.596,0.968,1.06,1.078,1.086,1.057,1.049,1.716,1.712,1.701,1.67,1.669,1.634,0.878,0.901,0.91,0.866,0.886,0.874,1.71,1.73,1.727,1.706,1.711,1.669,0.928,0.962,0.953,0.953,0.919,0.915,0.083,0.082,0.085,0.084,0.084,0.086,1.018,1.04,1.036,0.972,1.024,1.052,0.084,0.084,0.085,0.084,0.084,0.086,0.883,0.94,0.931,0.894,0.905,0.894,0.084,0.084,0.085,0.084,0.085,0.087,0.092,0.089,0.082,0.08,0.079,0.079,0.08,0.078,0.088,0.077,0.081,0.08,0.113,0.089,0.088,0.086,0.082,0.081,0.083,0.081,0.08,0.083,0.084,0.081,1.021,1.036,1.022,1.012,0.988,1.032,0.853,0.615,0.78,0.551,0.573,0.53,1.031,1.242,1.219,1.139,1.145,1.098,0.589,0.594,0.493,0.717,0.662,0.947,0.988,1.048,1.125,1.117,1.04,1.1,0.599,0.584,0.563,0.667,0.514,0.56,0.993,1.039,1.008,0.985,0.986,0.942,0.513,1.386,0.596,0.466,0.68,0.476,0.084,0.084,0.084,0.084,0.084,0.084,0.084,0.084,0.084,0.084,0.083,0.086,0.085,0.085,0.084,0.086,0.084,0.085,0.084,0.084,0.084,0.084,0.084,0.087,0.086,0.085,0.085,0.084,0.084,0.084,0.085,0.084,0.084,0.084,0.088,0.087,0.087,0.087,0.086,0.085,0.084,0.084,0.087,0.08,0.079,0.08,0.081,0.08
11.5,0.965,1.037,0.991,1.029,0.998,1.009,0.941,0.94,0.959,0.986,0.95,0.946,0.973,1.046,1.07,1.015,1.042,1.031,0.696,0.773,0.77,0.784,0.793,0.754,1.008,1.019,0.953,0.974,0.966,0.963,0.083,0.084,0.084,0.085,0.085,0.087,1.034,0.983,1.041,0.978,0.841,0.96,0.084,0.084,0.084,0.084,0.084,0.086,0.955,0.956,0.932,0.966,0.869,0.888,0.084,0.084,0.086,0.084,0.084,0.086,0.869,0.864,0.842,0.889,0.897,0.922,0.084,0.085,0.084,0.084,0.085,0.088,1.049,1.028,0.988,1.031,0.974,1.01,0.085,0.084,0.087,0.084,0.09,0.088,1.046,1.021,1.038,0.98,1.011,1.037,0.082,0.08,0.079,0.08,0.081,0.079,0.976,1.026,1.037,1.025,1.024,0.968,1.707,1.662,1.674,1.672,1.652,1.605,0.99,1.072,1.102,1.102,1.074,1.109,1.775,1.772,1.781,1.706,1.712,1.674,0.906,0.93,0.942,0.858,0.926,0.914,1.792,1.841,1.845,1.75,1.788,1.698,0.988,0.976,0.933,0.921,0.904,0.912,0.083,0.083,0.085,0.084,0.084,0.086,1.007,1.059,1.026,1.004,1.198,1.112,0.084,0.084,0.085,0.084,0.084,0.086,0.91,0.948,0.944,0.992,0.971,0.911,0.084,0.084,0.085,0.084,0.085,0.087,0.092,0.087,0.092,0.081,0.079,0.08,0.08,0.078,0.078,0.078,0.082,0.08,0.1,0.09,0.088,0.086,0.083,0.081,0.083,0.081,0.081,0.083,0.083,0.082,0.996,1.096,1.067,1.122,1.111,1.132,0.625,0.603,0.544,0.572,0.772,0.528,1.026,1.14,1.156,1.185,1.287,1.276,0.646,0.559,0.517,0.55,0.88,1.002,1.023,1.024,1.114,1.223,1.145,1.088,0.58,0.59,0.568,0.536,0.52,0.533,1.003,1.021,1.045,0.996,0.991,0.982,0.544,1.179,0.552,0.457,0.739,0.513,0.084,0.084,0.084,0.084,0.084,0.084,0.084,0.084,0.084,0.084,0.084,0.086,0.085,0.085,0.084,0.086,0.084,0.085,0.083,0.084,0.084,0.084,0.084,0.087,0.086,0.085,0.085,0.084,0.084,0.084,0.085,0.084,0.084,0.084,0.088,0.087,0.086,0.087,0.086,0.085,0.084,0.084,0.088,0.079,0.079,0.08,0.081,0.079
12,0.952,1.054,0.98,1.095,1.077,1.026,1.026,1.032,1.018,1.074,1.07,1.003,1.009,1.078,1.118,1.093,1.101,1.089,0.822,0.842,0.854,0.876,0.882,0.832,1.013,1.1,1.214,1.178,1.178,1.063,0.083,0.084,0.083,0.084,0.085,0.087,1.074,1.035,1.087,1.038,1.148,1.03,0.083,0.083,0.084,0.084,0.084,0.086,0.92,0.971,0.913,0.842,0.894,0.994,0.084,0.084,0.086,0.084,0.084,0.086,0.881,0.912,0.806,0.934,0.877,0.843,0.084,0.086,0.084,0.084,0.085,0.088,1.054,1.139,1.115,0.941,1.044,1.057,0.085,0.084,0.087,0.084,0.09,0.088,1.06,1.055,1.086,1.049,1.049,1.058,0.081,0.079,0.079,0.08,0.08,0.079,0.984,1.045,1.083,1.091,1.036,1.006,1.732,1.695,1.697,1.696,1.672,1.625,1.075,1.119,1.143,1.128,1.1,1.115,1.763,1.77,1.769,1.734,1.729,1.693,0.913,0.944,0.939,0.884,0.953,0.928,1.767,1.812,1.812,1.766,1.77,1.735,0.955,1.005,0.998,1.001,0.962,0.91,0.083,0.083,0.085,0.084,0.084,0.086,1.043,1.101,1.126,1.08,1.19,1.146,0.084,0.084,0.085,0.084,0.084,0.086,0.905,0.974,0.968,0.967,0.969,0.944,0.084,0.084,0.085,0.084,0.085,0.087,0.092,0.088,0.082,0.081,0.08,0.079,0.08,0.078,0.101,0.078,0.082,0.08,0.098,0.09,0.087,0.085,0.082,0.081,0.083,0.082,0.081,0.083,0.082,0.082,0.975,1.087,1.095,1.102,1.085,1.11,0.898,0.619,0.543,0.55,0.692,0.541,1.039,1.2,1.112,1.153,1.272,1.242,0.639,0.591,0.465,0.528,0.968,0.786,1.029,1.037,1.213,1.113,1.059,1.048,0.585,0.609,0.619,0.533,0.534,0.531,1.03,1.051,1.134,1.092,1.038,1.034,0.555,1.051,0.689,0.517,0.762,0.536,0.085,0.084,0.084,0.084,0.084,0.084,0.084,0.084,0.085,0.084,0.084,0.086,0.085,0.085,0.084,0.086,0.084,0.085,0.084,0.084,0.084,0.084,0.084,0.087,0.086,0.086,0.085,0.085,0.085,0.084,0.085,0.084,0.084,0.084,0.088,0.087,0.087,0.088,0.087,0.085,0.084,0.084,0.09,0.08,0.079,0.081,0.081,0.08
12.5,1.011,1.078,1.055,1.128,1.054,1.051,1.036,0.997,0.997,1.1,1.021,0.987,1.028,1.064,1.08,1.091,1.093,1.05,0.735,0.778,0.796,0.834,0.838,0.846,0.95,1.051,1.027,1.022,0.954,0.995,0.083,0.084,0.083,0.084,0.084,0.086,1.086,0.974,0.986,0.986,1.012,0.946,0.083,0.083,0.084,0.084,0.083,0.086,0.948,1.04,0.899,0.848,0.928,1.013,0.083,0.084,0.086,0.084,0.084,0.086,0.883,0.909,0.846,0.895,0.895,0.97,0.084,0.085,0.084,0.084,0.085,0.088,1.079,1.118,1.048,1.125,1.106,1.153,0.085,0.084,0.087,0.084,0.09,0.088,1.073,1.073,1.108,1.066,1.084,1.077,0.081,0.079,0.078,0.08,0.08,0.079,0.974,1.061,1.088,1.1,1.036,1.014,1.74,1.7,1.696,1.708,1.697,1.633,1.079,1.193,1.158,1.097,1.101,1.102,1.8,1.797,1.798,1.781,1.749,1.709,0.95,0.942,0.948,0.887,0.94,0.915,1.801,1.83,1.845,1.793,1.805,1.754,0.999,1.023,0.988,0.984,0.958,0.952,0.083,0.083,0.085,0.084,0.084,0.086,1.082,1.128,1.174,1.13,1.231,1.163,0.084,0.084,0.085,0.084,0.084,0.086,0.911,0.984,0.965,1.008,0.963,0.971,0.084,0.084,0.085,0.084,0.085,0.087,0.094,0.088,0.082,0.081,0.079,0.079,0.081,0.078,0.079,0.078,0.081,0.08,0.099,0.091,0.088,0.086,0.083,0.081,0.083,0.082,0.081,0.083,0.084,0.082,1.032,1.087,1.061,1.068,1.093,1.091,0.694,0.702,0.564,0.563,0.596,0.528,1.03,1.165,1.146,1.174,1.179,1.185,0.626,0.614,0.468,0.561,1,0.5,1.031,1.074,1.114,1.106,1.083,1.126,0.634,0.587,0.85,0.532,0.548,0.505,1.058,1.091,1.129,1.084,1.1,1.036,0.641,1.28,0.655,1.059,0.71,0.518,0.084,0.084,0.084,0.084,0.084,0.084,0.084,0.084,0.085,0.084,0.084,0.086,0.085,0.085,0.084,0.086,0.084,0.085,0.084,0.084,0.084,0.084,0.085,0.087,0.086,0.086,0.085,0.084,0.084,0.084,0.085,0.084,0.084,0.084,0.088,0.087,0.087,0.088,0.086,0.085,0.084,0.084,0.091,0.08,0.079,0.08,0.081,0.079
13,0.962,1.065,1.055,1.042,1.048,1.059,1.018,1.023,1.014,1.074,1.032,1.016,1.03,1.123,1.16,1.165,1.163,1.146,0.945,0.914,0.866,0.881,0.881,0.847,1.06,1.11,1.097,1.189,1.089,1.163,0.083,0.084,0.083,0.085,0.085,0.087,1.144,1.109,1.151,1.236,1.046,1.116,0.083,0.084,0.084,0.084,0.083,0.086,0.969,0.969,0.9,0.869,0.894,0.904,0.084,0.084,0.086,0.084,0.084,0.086,0.898,0.941,0.945,0.97,0.957,0.948,0.084,0.085,0.084,0.084,0.085,0.088,1.092,1.179,1.218,1.239,1.214,1.242,0.085,0.084,0.087,0.084,0.09,0.088,1.073,1.132,1.143,1.085,1.129,1.082,0.082,0.08,0.079,0.08,0.08,0.08,0.905,1.07,1.044,1.082,1.032,0.996,1.718,1.679,1.692,1.702,1.685,1.638,0.995,1.053,1.097,1.055,1.074,1.096,1.796,1.788,1.78,1.758,1.743,1.706,0.946,0.97,0.959,0.898,0.875,0.924,1.793,1.809,1.807,1.77,1.781,1.72,0.995,1.017,0.997,0.999,0.972,0.959,0.083,0.083,0.084,0.084,0.084,0.086,1.042,1.001,1.108,1.018,1.019,1.029,0.084,0.084,0.085,0.084,0.084,0.086,0.936,0.983,0.974,0.968,0.983,0.954,0.084,0.084,0.085,0.084,0.085,0.087,0.093,0.088,0.082,0.081,0.08,0.079,0.08,0.078,0.078,0.078,0.081,0.08,0.098,0.092,0.088,0.086,0.083,0.081,0.083,0.081,0.08,0.083,0.083,0.082,1.038,1.137,1.124,1.14,1.088,1.16,0.668,0.615,0.545,0.578,0.687,0.585,1.011,1.143,1.151,1.189,1.133,1.187,0.605,0.613,0.447,0.525,1.029,0.543,1.014,1.104,1.122,1.132,1.127,1.206,0.615,0.584,0.567,0.552,0.552,0.543,0.99,1.079,1.102,1.116,1.08,1.075,0.566,1.098,0.788,1.136,0.795,0.538,0.084,0.084,0.084,0.084,0.084,0.084,0.084,0.084,0.085,0.084,0.084,0.086,0.085,0.085,0.084,0.086,0.084,0.085,0.083,0.084,0.084,0.084,0.085,0.087,0.087,0.086,0.085,0.084,0.084,0.084,0.085,0.084,0.084,0.084,0.088,0.087,0.086,0.087,0.086,0.085,0.084,0.084,0.092,0.08,0.079,0.08,0.082,0.08
13.5,0.97,1.135,1.101,1.073,1.035,1.05,0.99,0.97,0.981,1.041,0.984,0.954,1.031,1.163,1.101,1.137,1.121,1.155,0.898,1.014,0.88,0.86,0.872,0.894,1.039,1.141,1.08,1.139,1.131,1.127,0.084,0.084,0.084,0.084,0.085,0.087,1.084,1.113,1.114,1.099,1.209,1.179,0.083,0.084,0.084,0.084,0.083,0.086,0.967,1.028,0.962,0.945,0.975,1.017,0.083,0.084,0.086,0.084,0.084,0.087,0.9,0.941,0.895,0.856,0.885,0.954,0.084,0.085,0.084,0.084,0.085,0.088,1.06,1.07,1.058,1.078,1.095,1.096,0.085,0.084,0.087,0.084,0.09,0.088,1.049,1.143,1.086,1.078,1.1,1.062,0.082,0.079,0.078,0.08,0.08,0.079,0.957,1.046,1.063,1.072,1.003,1.009,1.734,1.699,1.722,1.722,1.709,1.668,0.98,1.052,1.076,1.036,1.068,1.074,1.807,1.806,1.804,1.783,1.766,1.729,0.916,0.918,0.91,0.881,0.903,0.903,1.808,1.825,1.834,1.79,1.806,1.746,0.978,1.041,1.015,1.032,0.993,0.984,0.083,0.083,0.085,0.084,0.084,0.086,1.054,1.074,1.209,1.111,1.131,1.161,0.084,0.084,0.085,0.084,0.084,0.086,0.924,0.987,1.004,0.998,1.01,0.994,0.084,0.084,0.085,0.084,0.085,0.087,0.093,0.088,0.082,0.081,0.079,0.08,0.081,0.078,0.09,0.078,0.081,0.08,0.099,0.091,0.088,0.086,0.083,0.081,0.084,0.081,0.081,0.083,0.085,0.082,1.03,1.095,1.113,1.13,1.128,1.143,0.664,0.711,0.538,0.571,0.708,0.636,1.076,1.173,1.211,1.316,1.214,1.209,0.618,0.594,0.475,0.535,0.98,0.545,1.136,1.152,1.144,1.207,1.176,1.22,0.648,0.596,0.649,0.538,0.561,1.052,0.993,1.129,1.166,1.168,1.11,1.086,1.621,0.781,0.969,1.094,0.804,0.566,0.084,0.084,0.083,0.084,0.083,0.084,0.084,0.083,0.084,0.084,0.084,0.086,0.085,0.085,0.084,0.086,0.084,0.085,0.083,0.084,0.084,0.084,0.084,0.087,0.086,0.086,0.085,0.084,0.084,0.083,0.085,0.084,0.084,0.084,0.088,0.087,0.087,0.087,0.086,0.085,0.084,0.084,0.093,0.079,0.078,0.08,0.081,0.079
14,0.932,1.111,1.073,1.056,1.041,1.038,1.009,0.983,1,1.055,0.996,0.952,1.027,1.136,1.186,1.142,1.166,1.192,0.977,0.937,0.926,0.937,0.898,0.867,1.057,1.171,1.204,1.181,1.2,1.16,0.083,0.084,0.084,0.084,0.085,0.087,1.068,1.137,1.175,1.13,1.207,1.209,0.084,0.084,0.084,0.084,0.084,0.086,0.957,1.03,0.943,0.924,0.94,0.973,0.084,0.084,0.086,0.084,0.084,0.086,0.911,0.95,0.878,0.903,0.914,0.969,0.084,0.085,0.084,0.084,0.085,0.088,1.076,1.064,1.053,1.126,1.186,1.146,0.085,0.084,0.087,0.084,0.09,0.088,1.013,1.097,1.062,1.131,1.077,1.044,0.081,0.079,0.079,0.08,0.08,0.078,0.929,1.061,1.116,1.101,1.015,1.026,1.756,1.699,1.712,1.721,1.7,1.652,0.987,1.103,1.109,1.086,1.07,1.122,1.835,1.826,1.82,1.803,1.781,1.725,0.973,1.026,1.021,0.995,1.027,1.001,1.831,1.87,1.903,1.811,1.824,1.77,1.016,1.052,1.026,1.031,1.019,1.033,0.083,0.083,0.085,0.084,0.084,0.086,1.083,1.092,1.271,1.103,1.141,1.157,0.084,0.084,0.085,0.084,0.084,0.086,0.946,1.002,0.986,0.996,1.002,0.992,0.084,0.084,0.084,0.084,0.085,0.087,0.094,0.09,0.081,0.08,0.079,0.079,0.08,0.078,0.083,0.078,0.081,0.08,0.099,0.09,0.088,0.086,0.082,0.082,0.083,0.081,0.08,0.083,0.082,0.083,1.022,1.118,1.165,1.162,1.131,1.104,0.694,0.679,0.546,0.564,0.8,0.752,1.096,1.235,1.244,1.358,1.285,1.218,0.651,0.613,0.459,0.546,1.092,0.562,1.125,1.211,1.19,1.09,1.206,1.2,0.669,0.604,1.088,0.58,0.566,1.118,0.992,1.123,1.188,1.157,1.131,1.094,1.537,1.053,0.98,0.915,0.823,0.565,0.084,0.084,0.084,0.084,0.084,0.084,0.084,0.084,0.084,0.084,0.083,0.086,0.085,0.085,0.084,0.086,0.084,0.085,0.083,0.084,0.084,0.084,0.084,0.087,0.086,0.086,0.084,0.084,0.084,0.083,0.085,0.084,0.084,0.084,0.088,0.087,0.087,0.088,0.086,0.085,0.084,0.084,0.095,0.08,0.079,0.08,0.081,0.079
14.5,0.916,1.119,1.064,1.056,1.034,1.018,0.991,0.968,0.992,1.027,0.985,0.928,1.015,1.132,1.13,1.112,1.139,1.171,0.914,0.908,0.902,0.912,0.946,0.884,1.064,1.122,1.197,1.132,1.156,1.136,0.083,0.084,0.084,0.084,0.085,0.087,1.062,1.11,1.185,1.117,1.194,1.193,0.084,0.083,0.084,0.084,0.083,0.086,0.966,1.048,0.971,0.942,1.015,1.014,0.083,0.084,0.086,0.084,0.084,0.086,0.939,0.966,0.92,0.968,0.925,0.96,0.084,0.085,0.084,0.084,0.085,0.088,1.032,1.048,1.06,1.087,1.15,1.108,0.085,0.084,0.087,0.084,0.09,0.088,1.006,1.08,1.036,1.084,1.063,1.031,0.081,0.079,0.078,0.08,0.08,0.079,0.925,1.044,1.075,1.071,0.984,0.964,1.789,1.744,1.749,1.754,1.739,1.684,0.986,1.052,1.081,1.041,1.057,1.111,1.848,1.845,1.837,1.808,1.812,1.766,0.913,0.993,0.998,0.981,0.967,0.949,1.841,1.867,1.876,1.826,1.85,1.802,0.993,1.057,1.036,1.018,1.014,1.001,0.083,0.082,0.085,0.084,0.084,0.086,1.061,1.051,1.114,1.061,1.087,1.102,0.084,0.084,0.085,0.084,0.084,0.086,0.975,1.016,1.029,1.033,1.014,1.025,0.084,0.084,0.085,0.084,0.085,0.087,0.093,0.092,0.081,0.081,0.081,0.079,0.08,0.078,0.078,0.077,0.082,0.079,0.101,0.091,0.087,0.086,0.082,0.081,0.083,0.081,0.08,0.082,0.085,0.082,1,1.12,1.144,1.13,1.101,1.088,1.071,0.856,0.549,0.585,0.896,0.668,1.051,1.224,1.168,1.213,1.222,1.22,0.646,0.655,0.492,0.569,0.999,0.552,1.11,1.133,1.16,1.179,1.162,1.16,0.656,0.601,0.567,0.58,0.568,1.045,0.966,1.075,1.082,1.09,1.068,1.064,0.96,0.645,1.383,0.78,0.778,0.561,0.085,0.084,0.084,0.084,0.084,0.084,0.084,0.084,0.084,0.084,0.084,0.086,0.085,0.085,0.084,0.086,0.084,0.085,0.084,0.084,0.084,0.084,0.084,0.087,0.086,0.087,0.085,0.084,0.084,0.084,0.085,0.084,0.084,0.084,0.088,0.087,0.087,0.088,0.086,0.085,0.084,0.084,0.096,0.08,0.079,0.081,0.081,0.079
15,0.899,1.067,1.026,0.999,0.977,0.964,0.96,0.937,0.939,0.996,0.964,0.91,0.99,1.064,1.071,1.056,1.056,1.061,0.805,0.851,0.852,0.919,0.873,0.877,1.024,1.049,1.052,1.04,1.04,1.04,0.083,0.084,0.083,0.085,0.085,0.087,1.021,1.035,1.058,1.044,1.081,1.083,0.083,0.084,0.084,0.084,0.083,0.086,0.98,1.075,0.998,0.951,0.998,1.015,0.083,0.084,0.086,0.084,0.084,0.086,0.936,0.998,0.932,0.956,0.937,0.996,0.084,0.085,0.084,0.084,0.085,0.089,0.982,0.997,1.002,1.022,1.082,1.07,0.085,0.084,0.086,0.084,0.09,0.088,0.981,1.053,1.005,1.052,1.046,1.011,0.081,0.079,0.078,0.08,0.08,0.079,0.907,1.038,1.08,1.065,0.978,0.996,1.762,1.714,1.733,1.73,1.716,1.674,0.973,1.098,1.068,1.039,1.047,1.11,1.862,1.852,1.841,1.819,1.8,1.749,0.984,1.026,1.023,0.997,1.039,1.01,1.854,1.874,1.91,1.836,1.849,1.799,1.02,1.068,1.036,1.034,1.016,1.034,0.083,0.083,0.085,0.084,0.084,0.087,1.053,1.065,1.125,1.067,1.095,1.102,0.085,0.084,0.085,0.084,0.084,0.086,0.965,1.022,1.014,1.018,1.024,1.028,0.084,0.084,0.085,0.084,0.085,0.087,0.093,0.091,0.082,0.081,0.079,0.079,0.08,0.08,0.082,0.078,0.082,0.08,0.099,0.09,0.088,0.086,0.083,0.081,0.083,0.081,0.08,0.083,0.084,0.082,1,1.142,1.165,1.155,1.143,1.126,0.954,0.842,0.919,0.574,0.649,1.087,1.045,1.167,1.157,1.181,1.21,1.207,0.634,0.624,0.51,0.544,1.084,0.541,1.099,1.135,1.124,1.15,1.163,1.154,0.638,0.606,0.846,0.579,0.571,1.296,0.941,1.074,1.078,1.108,1.06,1.046,1.036,0.66,0.593,0.553,0.857,0.58,0.085,0.084,0.084,0.084,0.084,0.084,0.084,0.084,0.085,0.084,0.084,0.086,0.086,0.085,0.085,0.086,0.084,0.085,0.084,0.084,0.084,0.084,0.085,0.087,0.087,0.088,0.085,0.084,0.084,0.084,0.086,0.084,0.084,0.084,0.088,0.088,0.087,0.089,0.086,0.085,0.084,0.084,0.097,0.08,0.079,0.08,0.081,0.079
15.5,0.9,1.074,1.034,1.006,0.998,0.993,0.959,0.932,0.937,1,0.959,0.904,0.971,1.039,1.067,1.04,1.051,1.042,0.949,0.937,0.967,0.978,0.975,0.841,1.01,1.04,1.047,1.038,1.05,1.045,0.083,0.084,0.084,0.085,0.085,0.087,1.008,1.032,1.065,1.039,1.072,1.073,0.084,0.083,0.084,0.084,0.083,0.086,0.965,1.064,0.982,0.952,0.969,0.997,0.084,0.084,0.086,0.084,0.084,0.086,0.943,0.972,0.918,0.92,0.902,1.034,0.084,0.086,0.084,0.084,0.085,0.09,0.971,0.989,1,1.026,1.079,1.056,0.085,0.084,0.087,0.084,0.09,0.088,0.959,1.037,0.99,1.038,1.034,0.988,0.081,0.079,0.079,0.08,0.08,0.079,0.877,1.022,1.045,1.032,0.949,0.938,1.765,1.727,1.759,1.769,1.751,1.676,0.952,1.041,1.035,1.01,1.027,1.052,1.842,1.841,1.843,1.821,1.814,1.778,0.968,0.965,0.961,0.955,0.989,0.967,1.843,1.874,1.882,1.825,1.834,1.79,1.002,1.067,1.002,1.01,0.982,0.989,0.083,0.083,0.084,0.084,0.085,0.087,1.013,1.016,1.062,1.024,1.032,1.064,0.084,0.084,0.085,0.084,0.084,0.086,0.965,1.078,1.096,1.072,1.054,1.069,0.084,0.084,0.085,0.084,0.085,0.087,0.095,0.09,0.085,0.081,0.079,0.08,0.081,0.082,0.078,0.078,0.082,0.08,0.1,0.094,0.088,0.086,0.082,0.081,0.083,0.081,0.08,0.083,0.082,0.083,0.987,1.107,1.126,1.128,1.102,1.098,0.954,0.998,0.988,0.584,0.872,0.914,1.038,1.149,1.132,1.173,1.189,1.177,0.641,0.647,0.487,0.547,1.137,0.516,1.091,1.104,1.104,1.123,1.13,1.128,0.667,0.608,1.049,0.866,0.516,1.399,0.925,1.066,1.061,1.094,1.055,1.038,1.063,1.327,0.597,1.092,0.832,0.56,0.085,0.084,0.084,0.084,0.083,0.084,0.084,0.084,0.084,0.084,0.084,0.086,0.086,0.085,0.084,0.086,0.084,0.085,0.084,0.084,0.084,0.084,0.085,0.087,0.086,0.088,0.084,0.084,0.084,0.083,0.085,0.084,0.084,0.084,0.088,0.087,0.086,0.089,0.086,0.085,0.084,0.084,0.099,0.079,0.079,0.08,0.081,0.079
16,0.887,1.085,1.03,1.015,0.991,0.988,0.953,0.93,0.935,0.999,0.96,0.894,0.966,1.049,1.057,1.038,1.054,1.061,1.003,0.976,0.972,1.004,0.99,0.905,1.002,1.047,1.069,1.043,1.044,1.04,0.083,0.084,0.083,0.085,0.085,0.087,1.004,1.032,1.06,1.038,1.076,1.078,0.084,0.083,0.084,0.084,0.084,0.086,0.979,1,0.96,0.991,0.989,0.987,0.083,0.084,0.086,0.084,0.084,0.086,0.944,1.069,1.054,1.007,1.042,1.128,0.084,0.085,0.084,0.084,0.085,0.089,0.981,0.974,0.992,1.028,1.079,1.058,0.085,0.084,0.087,0.084,0.09,0.089,0.944,1.023,0.978,1.016,1.022,0.958,0.081,0.079,0.078,0.08,0.083,0.078,0.862,1.003,1.035,1.049,0.972,0.923,1.796,1.754,1.764,1.772,1.738,1.685,0.924,1.012,1.028,0.971,1.015,1.034,1.857,1.853,1.858,1.836,1.821,1.783,0.918,0.963,0.972,0.967,0.951,0.953,1.846,1.89,1.892,1.827,1.852,1.802,1.012,1.039,1.043,1.054,1.016,1.004,0.083,0.083,0.085,0.084,0.084,0.087,0.991,0.996,1.02,0.999,1.024,1.04,0.084,0.084,0.085,0.084,0.084,0.086,0.983,1.05,1.06,1.044,1.061,1.042,0.084,0.084,0.085,0.084,0.085,0.087,0.094,0.089,0.082,0.08,0.079,0.079,0.08,0.078,0.079,0.078,0.082,0.08,0.098,0.093,0.088,0.085,0.082,0.081,0.083,0.081,0.08,0.083,0.087,0.082,0.971,1.073,1.101,1.08,1.071,1.041,1.441,1.172,1.046,0.571,0.993,0.822,1.03,1.116,1.093,1.085,1.103,1.088,0.665,0.639,0.548,0.549,1.022,0.512,1.089,1.077,1.08,1.068,1.087,1.076,0.642,0.589,0.997,0.596,0.495,0.554,0.914,1.05,1.038,1.014,1.013,1.016,0.589,0.613,0.666,1.239,0.775,0.562,0.084,0.084,0.084,0.084,0.083,0.084,0.084,0.084,0.084,0.084,0.084,0.086,0.085,0.085,0.084,0.086,0.084,0.085,0.083,0.084,0.084,0.084,0.084,0.087,0.086,0.088,0.084,0.084,0.084,0.083,0.085,0.084,0.084,0.084,0.088,0.087,0.087,0.089,0.086,0.085,0.084,0.084,0.101,0.079,0.079,0.081,0.08,0.08
