Time,lb 369 1,lb 369 2,lb 369 3,lb 369 4,lb 369 5,lb 369 6,tsb 75 1,tsb 75 2,tsb 75 3,tsb 75 4,tsb 75 5,tsb 75 6,lb 370 1,lb 370 2,lb 370 3,lb 370 4,lb 370 5,lb 370 6,tsb 76 1,tsb 76 2,tsb 76 3,tsb 76 4,tsb 76 5,tsb 76 6,lb 320 1,lb 320 2,lb 320 3,lb 320 4,lb 320 5,lb 320 6,tsb 1 1,tsb 1 2,tsb 1 3,tsb 1 4,tsb 1 5,tsb 1 6,lb 321 1,lb 321 2,lb 321 3,lb 321 4,lb 321 5,lb 321 6,empty,empty,empty,empty,empty,empty,lb 3 1,lb 3 2,lb 3 3,lb 3 4,lb 3 5,lb 3 6,empty,empty,empty,empty,empty,empty,lb 6 1,lb 6 2,lb 6 3,lb 6 4,lb 6 5,lb 6 6,empty,empty,empty,empty,empty,empty,empty,empty,empty,empty,empty,empty,lb blank 1,lb blank 2,lb blank 3,lb blank 4,lb blank 5,lb blank 6,empty,empty,empty,empty,empty,empty,tsb blank 1,tsb blank 2,tsb blank 3,tsb blank 4,tsb blank 5,tsb blank 6,lb 311 1,lb 311 2,lb 311 3,lb 311 4,lb 311 5,lb 311 6,lb 442 1,lb 442 2,lb 442 3,lb 442 4,lb 442 5,lb 442 6,lb 312 1,lb 312 2,lb 312 3,lb 312 4,lb 312 5,lb 312 6,lb 443 1,lb 443 2,lb 443 3,lb 443 4,lb 443 5,lb 443 6,lb 313 1,lb 313 2,lb 313 3,lb 313 4,lb 313 5,lb 313 6,lb 446 1,lb 446 2,lb 446 3,lb 446 4,lb 446 5,lb 446 6,lb 3 7,lb 3 8,lb 3 9,lb 3 10,lb 3 11,lb 3 12,lb 4 1,lb 4 2,lb 4 3,lb 4 4,lb 4 5,lb 4 6,empty,empty,empty,empty,empty,empty,empty,empty,empty,empty,empty,empty,empty,empty,empty,empty,empty,empty,empty,empty,empty,empty,empty,empty,empty,empty,empty,empty,empty,empty,empty,empty,empty,empty,empty,empty,empty,empty,empty,empty,empty,empty,lb blank 7,lb blank 8,lb blank 9,lb blank 10,lb blank 11,lb blank 12
0,40057,39487,40351,42416,42484,40853,62788,63334,63260,61566,59773,61136,40003,40891,41238,41738,41778,41829,60872,64352,62934,63671,60198,60959,43394,43770,44141,43980,44897,44089,62138,63579,66743,63299,63198,61434,44395,43199,43471,43963,43376,43427,2958,3065,2871,2850,2862,2683,41113,41243,41440,40799,42291,42383,2941,2888,2910,2984,2835,2706,40145,40771,42047,40958,41988,41738,2863,2851,2879,2840,2753,2650,39132,40515,40715,41052,39551,39809,44043,45235,44497,44880,43421,43570,39849,39735,39402,39873,39474,40069,66708,66818,67373,64351,64406,64698,47704,46642,45072,46302,48891,48711,50251,49346,52538,49491,44608,49697,45450,47768,48069,49597,49045,48463,46834,48759,52738,50766,48138,47158,44374,48130,48864,45445,45710,46842,45862,47219,45932,47261,49722,45233,39904,41177,41273,41160,40197,40894,40221,40523,40616,40949,40357,40129,2686,2785,2741,2709,2724,2684,2583,2499,2551,2621,2505,2397,2722,2698,2845,2757,2717,2725,2579,2631,2468,2634,2533,2414,2673,2702,2795,2660,2578,2701,2594,2454,2547,2580,2394,2405,2619,2623,2681,2635,2540,2613,44100,43865,43636,42498,41961,41345
0.5,38479,38008,38808,41191,39964,39749,58245,57737,57657,55613,54100,56122,38159,39100,39725,40076,40088,40338,55788,57514,57650,57367,55033,55459,42554,43043,43841,43813,44640,43272,55276,59487,60351,57294,56034,55990,43757,43169,43514,43539,42439,42316,2816,2743,2699,2751,2696,2848,39015,39027,39614,39271,40057,40303,2819,2962,2750,2727,2774,2746,38353,38565,39843,39127,38860,39111,2723,2628,2767,2726,2770,2538,37643,39682,39122,38883,38238,38198,42719,43482,42980,43539,41771,41636,37987,38569,38252,38514,37965,38876,64443,64292,64713,61992,61245,61679,48224,48160,45399,46889,50058,49185,50249,48645,50515,48324,42664,47878,46415,48889,53122,51515,49709,49787,45247,48200,51367,49394,46612,45674,44023,71876,52149,45934,45760,47909,44192,46009,47208,45766,47492,43234,38276,39892,38917,39137,38323,39150,38879,38654,39049,39286,38165,38100,2574,2561,2674,2623,2645,2630,2575,2498,2374,2456,2365,2273,2627,2571,2693,2748,2566,2588,2468,2445,2391,2383,2418,2272,2559,2516,2673,2697,2544,2507,2508,2433,2493,2423,2301,2183,2540,2493,2583,2569,2496,2463,42833,42973,42687,41086,40189,39021
1,37688,37978,38537,40878,40585,39252,56177,56163,56628,54286,52525,54689,37487,38864,39189,39136,39514,39699,53732,55413,55961,55439,53207,53804,43961,44536,45110,44335,45270,43904,54584,57460,58599,55876,54469,54330,43969,43816,44404,45014,43847,43633,2727,2727,2729,2742,2648,2681,39328,39367,39559,38743,39772,39705,2852,2808,2682,2779,2727,2735,38362,38032,40045,38567,39164,39106,2640,2646,2671,2741,2688,2571,37211,39247,39504,39682,38630,38292,42608,43997,43722,43570,42007,42075,38017,38445,38361,38026,38599,38506,64348,64581,64873,62212,60811,61756,53828,53849,49174,50737,55268,55052,49461,48492,52484,48802,42237,47814,48169,53323,57782,69631,55011,53929,45095,48137,51264,49822,46023,45333,47059,53488,59405,50838,49634,51992,43775,46085,45279,47168,47413,44193,37483,39091,38280,39040,38142,38742,38840,38533,39328,38784,38081,37921,2453,2637,2522,2452,2454,2532,2508,2411,2459,2426,2411,2287,2585,2491,2588,2526,2559,2413,2412,2431,2352,2363,2258,2261,2415,2639,2549,2411,2504,2503,2403,2377,2364,2288,2315,2160,2572,2440,2443,2585,2483,2476,42395,42253,42182,41248,39806,38587
1.5,37362,36977,37222,39658,38806,38278,53305,52928,53627,50724,49387,51267,36924,37462,37712,37713,38428,38751,50610,52001,51902,52265,50361,51120,44373,44394,45374,44340,45865,44246,51290,53485,53999,52428,50878,50826,45002,45020,45149,45067,44041,44309,2693,2860,2686,2711,2677,2774,38148,38063,38339,37613,39003,38751,2840,2738,2728,2757,2689,2605,37030,36861,38373,37477,37665,37608,2770,2673,2769,2831,2732,2625,37715,39528,39523,39224,37830,38082,42423,43428,43429,44229,41840,41572,38042,38652,38011,38544,37964,38439,64287,64403,64801,61883,61172,61309,58515,58621,52365,54584,68094,56217,52047,62880,51814,50548,43413,49796,51526,68709,63683,67273,59839,62006,46073,49740,51615,52846,47826,46542,50351,68072,64876,54130,61077,55860,45003,49218,46134,48948,49179,45758,36457,38041,37859,37859,37363,38138,38159,38390,38941,38678,37320,37802,2541,2506,2645,2601,2480,2510,2488,2406,2413,2432,2302,2288,2503,2592,2613,2574,2525,2400,2523,2364,2418,2388,2329,2300,2455,2470,2603,2509,2489,2481,2414,2397,2356,2331,2276,2308,2544,2441,2505,2552,2465,2458,42202,42683,42337,40275,39665,38244
2,35616,35148,35672,37295,36591,36180,50451,50660,50905,48482,47714,49768,35268,35508,35796,36207,36561,36365,48755,50479,50328,49860,48062,49163,45825,46225,47036,46573,47359,46014,49301,50119,51555,49583,48420,48440,46754,46668,46086,46742,45665,45309,2737,2764,2738,2831,2803,2722,36047,35772,36490,36304,36096,35941,2776,2773,2743,2794,2788,2593,35224,35150,36053,35106,34907,35073,2622,2716,2719,2680,2626,2640,37107,39486,39516,39883,38416,38651,42820,43680,43184,44109,41531,41431,37736,38344,38492,38189,38081,38690,64637,64860,64651,62485,61422,61581,67222,68065,62705,71429,70971,68339,53837,54874,55987,53041,44279,52520,58477,67966,73156,74493,71528,73054,47103,52337,54498,67335,49813,48969,65426,85962,76353,61259,71725,64303,46221,48934,60056,56512,51482,47161,34726,36133,35193,36368,35447,35642,38580,37954,39106,39071,37266,37833,2472,2536,2557,2485,2488,2443,2552,2328,2351,2321,2368,2239,2439,2529,2630,2532,2553,2402,2394,2512,2415,2425,2373,2272,2492,2573,2578,2567,2453,2382,2446,2388,2307,2313,2277,2301,2598,2435,2377,2396,2471,2467,42309,42493,42128,40344,39506,38166
2.5,34069,33188,34525,35595,35344,35087,48577,48882,49280,46946,46104,47481,34289,34397,35808,35291,35288,35979,45975,47577,47781,47189,46173,47189,49290,49297,49551,48208,49453,47837,46908,47074,47973,46880,45798,45919,49500,49517,48979,49660,48105,47823,2765,2774,2708,2803,2655,2710,34102,33159,34306,33583,33920,33745,2793,2651,2766,2759,2641,2711,33472,33450,33807,33297,33609,33872,2692,2747,2736,2718,2754,2553,36822,39276,39410,39530,38472,38428,42953,43206,43773,44021,42085,41165,37576,38656,38104,37876,38220,38278,64255,64653,64855,62331,61034,61975,79728,82186,68979,72932,82428,78086,55823,57055,59095,54762,44981,55259,75267,78724,85157,85446,80053,77141,48313,52849,56148,60222,51113,50846,67723,84969,89150,71901,70518,74161,50566,50397,54742,60315,54257,48908,33204,34243,33202,34442,33320,34278,38273,38572,39133,38267,36507,36948,2501,2526,2448,2518,2451,2455,2466,2398,2401,2400,2366,2252,2430,2514,2486,2512,2496,2389,2399,2350,2296,2299,2212,2248,2445,2480,2509,2452,2475,2328,2341,2300,2289,2283,2234,2213,2457,2421,2480,2498,2425,2359,41832,41612,41638,40601,39245,37560
3,34506,33261,34307,34659,35296,34368,45383,45546,45660,43297,43042,44342,34357,34584,35458,35105,35559,35076,43678,44155,44066,43576,42631,44182,52224,52323,53089,51807,53410,50368,42572,44061,44539,43738,43062,43261,52305,52206,52250,52535,50519,50987,2741,2726,2745,2679,2754,2602,33183,32221,32835,32188,32332,32743,2765,2813,2698,2798,2743,2653,33107,33207,33615,32937,32808,33046,2811,2714,2746,2591,2741,2548,37071,39276,38941,39369,38101,38403,42010,43869,43276,43559,41548,41465,37218,38645,37803,37805,37629,38005,64534,64358,65006,62227,60983,61489,96996,101352,85789,87875,98626,91553,59556,58156,62704,56983,46464,57715,83263,94718,103072,114633,95957,92081,49988,55732,59660,64946,53196,54361,88489,108298,104672,81636,84515,88514,49040,59822,51049,56724,56053,50863,31904,32133,31830,32413,31609,32727,38598,37986,38957,38608,36031,37553,2521,2584,2470,2568,2545,2407,2346,2323,2365,2308,2312,2212,2536,2455,2541,2589,2497,2490,2481,2320,2342,2277,2245,2263,2523,2568,2551,2461,2405,2378,2388,2283,2269,2396,2274,2159,2526,2499,2558,2465,2332,2479,41331,41721,41319,40188,38928,37345
3.5,35274,34176,35170,34922,35751,35099,43297,43456,43507,41436,41110,42203,34483,35233,37189,34864,35388,35752,41779,42265,42507,42524,41266,42212,59343,59307,57840,58388,59195,56925,41186,41661,42314,41781,40684,41115,59129,59508,59644,60423,57562,57196,2738,2799,2731,2733,2698,2784,31751,31036,31607,30605,30840,31021,2704,2799,2692,2768,2637,2661,32671,32409,32698,32648,31834,32422,2706,2647,2803,2619,2655,2573,36970,39503,39594,39250,38359,38569,42758,43739,43530,43730,42063,41066,37051,38608,38038,37387,37873,38016,64709,64645,65147,61837,61029,61167,129734,135347,120892,124665,142566,125403,62683,57826,64515,60710,48826,62283,107781,122149,144360,140075,124639,121222,55228,61358,63188,72299,55506,58159,108978,127311,140004,111304,114048,112820,56900,55254,54929,65261,59104,52737,30748,31024,30471,30789,30451,31104,37971,37974,38786,38239,35354,37094,2364,2470,2350,2445,2526,2311,2409,2339,2359,2352,2248,2227,2454,2519,2490,2535,2434,2359,2323,2281,2319,2398,2331,2206,2524,2450,2480,2565,2497,2328,2311,2329,2303,2389,2322,2157,2440,2479,2434,2495,2416,2485,40554,41121,41234,39676,38550,37004
4,37340,35558,36250,37310,37369,37265,41945,41796,42262,40522,39858,41854,36545,36490,36682,36714,36621,37767,41010,41141,41040,41314,40496,41031,66657,64785,69900,64660,65796,64516,39219,40127,41105,39906,39348,40124,66240,66963,67272,68452,64903,65129,2782,2771,2766,2713,2720,2713,31301,30418,31290,30660,30407,30624,2814,2676,2722,2749,2715,2556,32523,32097,32359,31819,31883,32012,2682,2736,2749,2623,2783,2604,37100,39141,39730,39186,38356,38110,42530,43457,43405,43795,41846,41065,36661,38207,37813,37377,37391,37630,63920,64574,64480,62240,61107,60760,147850,153233,132056,135525,158216,150993,66427,65710,70297,64083,50489,66884,129354,150705,167233,171612,153928,142087,53901,65133,68037,73294,58894,60838,135247,155800,171619,134900,138011,137442,53418,62472,71233,60696,63066,56932,30649,30631,30802,30719,30221,30622,37923,37175,38530,38433,33908,37574,2493,2471,2501,2582,2449,2411,2525,2336,2350,2365,2313,2138,2503,2546,2443,2532,2429,2391,2321,2334,2416,2387,2219,2235,2456,2512,2473,2424,2440,2454,2348,2316,2325,2369,2213,2223,2348,2392,2378,2525,2345,2414,40324,40478,40655,39409,38588,36268
4.5,38869,37747,37708,38870,38649,38125,41622,41849,41750,40683,39499,41272,38242,37582,38881,37863,38133,38562,40515,40876,40997,40897,39985,41239,78225,76123,81082,78540,78650,72294,38857,39048,39705,39157,38852,39342,77080,80229,77816,77590,77587,75690,2851,2773,2667,2728,2692,2663,31689,30400,30942,30575,30309,30477,2785,2709,2600,2826,2821,2694,31156,30994,31781,31145,31127,31760,2739,2718,2544,2707,2575,2529,36298,39230,39599,39084,38305,38185,42555,44025,43822,43287,41558,40946,36436,37516,37614,37587,36875,37233,64217,64412,64909,62069,61280,61209,184406,179325,161020,162170,185931,179063,72458,65516,76509,70040,52564,75894,158869,170755,190695,201433,182337,176978,56994,66169,74378,76472,62838,66338,150035,189256,189600,158168,159485,164315,56940,60504,57834,64626,67521,59943,30982,31379,31537,31198,30472,31312,37112,37093,38130,38430,33595,36989,2319,2403,2403,2380,2451,2426,2343,2291,2356,2310,2276,2254,2372,2463,2426,2400,2442,2265,2349,2384,2238,2332,2391,2292,2443,2494,2526,2540,2429,2425,2324,2292,2403,2305,2234,2186,2439,2383,2440,2447,2347,2403,40029,40157,40284,39447,38029,36260
5,41603,39378,40112,40902,40616,39844,41977,41486,41742,40312,39499,41415,40107,40022,40725,40152,39788,41325,40396,40900,41401,41307,40069,40640,91482,89569,93878,87223,92600,85148,37983,38789,39384,38486,38157,38854,88750,89166,91494,92162,83662,86399,2763,2776,2607,2748,2591,2752,31569,30549,30964,30670,30422,31089,2759,2898,2714,2746,2655,2622,31407,31537,31305,30880,31178,31153,2832,2741,2600,2721,2724,2697,36498,39468,39401,39323,38216,38360,42694,43922,44366,43540,41790,40676,36410,37651,37764,37143,36773,36929,64470,64018,64822,61521,61746,60792,229076,204529,185606,196756,212240,210253,79979,71515,86159,75345,58777,81613,188109,212648,216126,222608,220052,209803,60065,72453,83332,83098,67700,73610,168343,235491,228444,194452,190753,200101,68142,64832,89922,69214,77868,66506,31278,32151,32000,31748,31076,31413,36118,35945,37609,36793,32939,36493,2430,2379,2409,2426,2423,2445,2382,2373,2350,2277,2225,2205,2480,2423,2381,2494,2459,2406,2451,2238,2434,2314,2281,2244,2482,2455,2486,2520,2388,2373,2328,2380,2326,2241,2160,2169,2439,2372,2384,2472,2370,2318,39263,40058,40096,38828,38104,35422
5.5,42856,41796,41647,42159,42658,41980,41801,41802,41717,40205,39572,41019,41883,41599,42458,41267,42863,42485,40738,40700,40775,40712,40101,40981,98534,99008,102565,100013,98236,98344,36902,38215,38498,38007,37477,38458,100075,103212,104148,105160,101317,97974,2684,2727,2737,2766,2686,2657,32095,30512,31597,31407,30614,31522,2711,2760,2640,2722,2714,2624,31089,31052,31404,30886,31202,31714,2735,2573,2702,2696,2659,2520,36353,39602,39429,39064,38355,38206,42447,43651,43548,43083,41558,40588,36122,38121,37659,36896,36944,36981,63772,63929,63967,61735,61084,60390,259494,240339,224966,234609,263024,253078,92240,84660,99322,87763,60178,91218,216311,231566,264869,262774,257281,240155,67621,78269,93712,97055,74729,82120,204006,268715,249587,212385,213426,226494,70569,71592,72021,78146,86125,74950,32488,33497,33083,32263,32566,32224,35403,35249,36282,35479,32935,35991,2469,2534,2420,2504,2451,2413,2409,2409,2360,2349,2372,2277,2483,2471,2517,2560,2456,2311,2377,2383,2481,2326,2298,2168,2434,2566,2550,2525,2419,2313,2315,2254,2338,2271,2209,2190,2349,2534,2419,2425,2385,2356,38533,39541,39779,38935,37360,35036
6,45181,43874,43761,43917,44367,43805,42377,42383,42685,40735,40468,42434,44052,42740,44293,43777,44296,44628,41548,40983,41389,41796,40776,41875,112551,114528,117524,112925,113305,111265,37236,37889,38363,38562,37975,38895,109246,113067,114190,118348,111479,104889,2677,2772,2721,2677,2650,2728,33460,31160,32093,32180,31356,32304,2764,2667,2675,2733,2786,2673,32589,31522,31405,31673,31678,31992,2746,2671,2717,2648,2676,2669,36416,39614,39655,39466,38383,38130,42780,43770,43777,43560,41877,40700,35845,37131,37424,36791,36958,36966,63879,64207,64459,61769,60696,60147,309317,277081,246439,253091,298409,286249,104445,91772,108143,104720,66253,99841,262853,271482,305720,307393,285551,281744,75588,90699,102671,100631,86825,94586,239694,281705,301979,252090,244515,265053,76437,80798,93482,89370,92237,86141,32786,33882,33711,32988,32646,33298,34321,34286,35028,34538,31731,34500,2483,2488,2475,2322,2487,2422,2449,2340,2311,2386,2249,2156,2452,2553,2459,2543,2453,2357,2398,2317,2313,2266,2285,2255,2463,2452,2437,2536,2391,2325,2393,2381,2265,2229,2202,2216,2536,2389,2367,2482,2270,2335,37959,38586,39475,38327,36972,34335
6.5,47033,45313,45717,45646,46020,45425,43546,43480,43543,41734,41391,43401,46071,45238,45928,45112,46334,46333,41820,41911,42036,42185,41348,42648,120950,119251,121514,118777,115197,117147,37713,38387,38592,38539,37695,38869,120133,120387,119027,121892,122461,118166,2727,2736,2629,2610,2652,2732,33170,31844,32576,33162,32446,32460,2772,2737,2777,2736,2664,2633,33280,31997,32455,32799,31720,32519,2688,2684,2758,2696,2652,2557,36280,39475,39301,39570,38391,38063,42577,43995,43530,43807,41670,40087,35533,37716,37269,36501,36461,36866,63228,63557,64244,61330,60506,59478,347125,362037,280940,314467,338641,322069,111324,105452,117327,107103,75431,110715,300912,325520,340209,339313,330210,326653,85830,100553,112266,116597,95604,103468,268399,349298,335861,274578,274736,289912,84822,88249,95859,100101,100487,92853,34111,34711,34746,34290,33962,33879,34814,34151,33840,34961,31785,34573,2444,2401,2432,2470,2355,2437,2365,2341,2309,2371,2237,2208,2559,2460,2455,2383,2396,2429,2330,2356,2338,2310,2271,2182,2475,2453,2464,2397,2468,2399,2382,2268,2268,2267,2285,2094,2519,2431,2429,2340,2500,2384,37078,38689,39364,37972,37008,34182
7,48246,46044,47532,47833,47518,46569,44249,44133,43643,42656,42281,44120,46451,46361,47328,46200,47446,47698,41998,42596,42548,42616,41336,43293,124682,123406,127312,120563,118262,119302,37612,38478,38545,38824,38603,39735,126548,122177,126611,124211,120955,122107,2709,2728,2697,2730,2773,2615,34693,32497,33684,33811,33002,33696,2697,2682,2693,2682,2680,2686,33262,33304,32557,34259,33838,33339,2695,2670,2699,2657,2685,2553,36209,39047,39548,39442,38251,38370,42737,43615,43640,43801,41395,39808,35285,37369,37253,36541,36545,36560,63829,63608,64235,61782,60962,59624,369454,373538,326152,337390,370218,356425,116580,109993,121748,111423,85555,115718,320857,350774,355569,364962,361642,351736,92837,103923,117223,115427,101155,109745,294167,373222,379189,321621,302269,351683,86979,94735,101135,102712,108221,98034,34995,35252,35989,34662,35285,35232,35608,34390,34315,35101,31410,34285,2485,2427,2477,2451,2400,2371,2412,2314,2366,2367,2331,2232,2464,2376,2481,2472,2397,2395,2264,2235,2333,2251,2130,2271,2448,2378,2483,2502,2422,2333,2325,2305,2308,2312,2263,2250,2492,2399,2345,2455,2468,2316,36726,38145,38554,37698,36880,33284
7.5,50766,48622,48685,49665,48993,48548,44554,45279,44977,43371,42662,44990,48164,48112,49366,48593,49775,48951,41729,42431,42482,42786,42463,44235,133360,125537,136831,128728,130379,126727,37880,38235,38545,38862,38009,40384,134029,131304,132926,134233,130908,130430,2744,2763,2788,2713,2765,2646,36365,33212,35652,35287,34338,34585,2773,2712,2806,2705,2674,2639,35193,34012,33935,33569,34534,34836,2712,2757,2641,2751,2682,2553,35915,39400,39824,39981,38133,38364,42591,44071,43392,43449,42374,40026,34863,37050,37112,36675,36444,36117,64427,63552,64337,60917,61169,59336,402520,412874,352157,367860,400807,387094,121971,118877,128502,142842,96862,127747,367267,403719,420107,420344,386830,397593,101088,112596,126227,122457,110454,215827,341210,403745,425455,358006,357637,369836,96536,102435,91971,108182,110603,105664,35818,36634,36485,35852,36226,35870,34549,34221,34731,35742,31813,34037,2485,2616,2419,2403,2388,2405,2449,2295,2310,2230,2282,2087,2405,2440,2528,2499,2412,2499,2376,2391,2333,2271,2285,2239,2519,2465,2502,2539,2427,2447,2298,2333,2277,2338,2233,2168,2441,2479,2428,2529,2400,2361,36034,37905,38540,37574,36559,32472
8,52152,50321,50395,51547,51130,50182,44825,45658,45444,43586,42975,45037,49749,49877,50898,50241,50985,50615,42081,42982,43028,43200,42397,44133,135455,137974,141842,136603,139400,131538,37746,38684,38904,39146,38089,40447,142418,141982,138807,143599,138712,137364,2873,2703,2663,2661,2812,2673,37214,34911,37177,35634,35389,36124,2691,2850,2773,2719,2706,2648,36013,35020,35627,35144,35844,35311,2672,2743,2808,2670,2616,2606,36530,39749,40014,40427,38717,38660,43308,44144,44045,43602,41428,40156,34689,37376,37146,36802,36619,36234,63894,64410,64654,61794,60813,59329,457033,422109,387054,370785,428340,419000,229906,126259,135483,124057,105705,128342,388385,421806,405971,438405,406116,426364,106831,122351,134688,129353,131682,126463,359719,443609,407091,365344,378966,397633,98914,109798,97772,117941,120778,116075,36879,37858,37857,37536,37288,37062,34329,33885,34754,34356,31823,34561,2496,2458,2454,2456,2474,2469,2392,2345,2267,2370,2281,2201,2437,2410,2467,2506,2497,2326,2360,2365,2331,2306,2296,2176,2428,2384,2534,2497,2403,2310,2289,2460,2326,2230,2238,2205,2419,2389,2479,2422,2391,2465,35337,37089,37776,36990,36086,31883
8.5,54017,51200,52403,52902,52788,52067,44688,45525,45060,43630,42727,45053,50721,51353,52311,51684,52556,52396,42189,43085,42818,43249,42143,44279,138470,134940,145199,136986,136835,135148,36946,38173,38871,39253,37894,40436,150361,146160,142737,145992,142422,139878,2835,2658,2721,2716,2650,2563,37647,36281,36932,36987,35647,36968,2755,2662,2807,2793,2731,2618,36684,35610,36461,35841,36567,36549,2737,2788,2593,2691,2711,2556,35780,39588,40034,39767,38434,38228,42612,44337,45941,43839,42131,40304,34748,37405,36872,36450,36132,36495,64208,63794,64281,61248,59764,58086,492430,444241,423848,430698,471207,472129,256121,133157,166960,134344,113449,143068,439156,449510,452672,471326,478650,465240,111597,126499,144534,136428,125378,131475,395037,459035,497146,447205,393588,425086,106518,113613,105240,120627,124468,122135,37749,38433,39273,37508,37672,37829,35066,32461,33470,35440,31950,33800,2371,2534,2515,2424,2547,2458,2376,2318,2315,2230,2190,2200,2460,2510,2435,2443,2457,2303,2403,2429,2243,2315,2187,2222,2462,2457,2554,2467,2392,2346,2392,2369,2222,2344,2180,2177,2459,2452,2409,2445,2419,2295,34417,36165,37444,36688,35527,31564
9,55408,52378,53982,54575,54456,53616,45149,45973,45437,43291,42796,45443,52799,53473,53461,53101,53509,53254,42185,43196,42746,43070,42380,43486,143131,134480,146795,140956,139602,139495,37148,38036,38506,38117,38200,39846,156544,155780,151661,153630,148461,144958,2760,2674,2677,2634,2645,2762,38430,36971,37931,37659,36653,37197,2705,2769,2675,2807,2713,2593,37983,36349,36724,36917,37544,37402,2722,2658,2763,2720,2608,2591,35995,39565,39784,40267,38858,38489,43030,44164,45940,44226,41573,39491,33927,36916,36938,36666,36086,36211,63676,63469,63753,61493,59663,58088,527617,508238,429328,466583,492417,470707,204973,154856,148863,146277,119098,146733,449392,488504,526207,506921,501494,473407,114669,131087,146013,146916,243382,136595,423874,486173,497831,450433,409054,430567,110763,123110,141552,130942,127977,126499,37937,40021,39714,39432,39471,38648,36245,35623,35316,35252,32756,33463,2546,2384,2436,2388,2481,2422,2393,2312,2383,2305,2171,2170,2335,2432,2477,2468,2526,2409,2397,2232,2325,2342,2241,2180,2361,2373,2511,2399,2369,2359,2308,2388,2223,2175,2185,2193,2476,2321,2396,2433,2421,2318,33708,35844,37080,35845,35337,30902
9.5,57425,53937,55495,56317,55677,55457,45100,46508,46189,44308,43302,46151,54408,54573,54917,54077,55407,54818,42386,42544,42688,42809,42419,44769,147697,146197,156273,152921,153989,149791,36200,37457,38732,38719,37893,39693,157800,157430,155945,161278,156909,155185,2718,2797,2833,2846,2736,2617,39634,39021,39249,37929,38257,39857,2785,2653,2765,2734,2809,2750,39376,38199,37825,38022,38446,39094,2839,2718,2738,2638,2596,2715,35975,39941,40366,40413,38650,39179,43412,44470,45927,43680,41285,39682,33699,37650,37282,36639,36379,36243,63776,63931,64419,61716,60207,57649,579363,517315,465832,466636,521109,510320,284458,162113,298000,150337,128020,152898,486423,501164,525193,521438,534915,500163,119563,138057,226402,154124,161356,141562,460866,495236,528697,465872,441474,453080,114968,126628,130101,134421,132286,129696,38728,41109,40727,39518,40489,40247,35946,33868,35948,35953,33337,35545,2446,2466,2519,2498,2374,2420,2441,2288,2259,2294,2327,2203,2478,2503,2498,2490,2463,2435,2326,2283,2363,2344,2144,2186,2441,2412,2536,2544,2377,2388,2330,2355,2225,2303,2148,2265,2604,2412,2458,2500,2302,2360,33013,35416,36271,35966,35266,30128
10,59051,56260,56589,58121,57565,56840,45465,46623,45709,43789,43289,46404,56186,56402,56638,56158,56663,55315,41966,43139,42951,43039,41920,44656,152351,147629,152445,151008,151613,152537,36442,37480,38265,38169,37808,39746,164828,160749,159003,162698,157656,156241,2732,2755,2750,2754,2665,2772,40522,39261,40167,39322,39113,39817,2679,2822,2729,2807,2742,2697,40410,39260,38918,38751,39554,39743,2723,2691,2769,2769,2656,2643,35979,39899,40748,40327,39173,39096,43547,44477,45146,44270,42189,39397,33419,37226,37603,36612,36281,36122,64234,63975,64377,61864,59510,57469,607067,565043,490797,484052,548141,576083,204175,157687,293521,153454,132552,157934,541067,537668,557034,564292,550565,547338,128368,146560,169674,155288,155625,146359,473078,538630,545717,491047,462262,509385,121356,187197,193149,151480,138213,134698,40355,41820,42267,40763,41136,41745,36948,34797,36717,37578,34049,34148,2499,2445,2440,2481,2422,2365,2419,2307,2338,2259,2344,2192,2380,2442,2413,2583,2423,2463,2475,2308,2334,2326,2215,2179,2615,2472,2587,2528,2374,2446,2372,2210,2238,2334,2313,2295,2542,2312,2332,2531,2350,2457,31914,34919,36242,36035,34994,29427
10.5,60511,56942,58188,58727,58870,57775,45264,45998,45910,43995,43266,46211,57522,56592,57842,57218,57740,56934,41954,42362,42759,42762,42019,44020,153352,150887,146819,147715,150408,152810,36125,37194,37514,37708,37232,39672,172250,168205,166284,168660,164264,164142,2796,2849,2761,2864,2667,2653,41728,40255,41944,40506,39859,39683,2901,2703,2728,2814,2821,2691,41358,39846,39452,40709,40147,40395,2743,2773,2651,2672,2753,2652,35842,40143,40507,40736,39211,39029,43077,44085,46118,43950,41475,39055,33061,36598,37587,36388,35683,35953,63447,63613,64253,61589,59732,56312,635008,598596,542661,541871,614826,619147,162650,291743,342316,163012,223306,164514,584830,523691,576241,562843,586292,585726,131678,152850,163266,322477,157874,454292,506684,589612,588887,539104,466873,555795,174488,150789,164235,141341,141017,137738,40924,42872,41792,41686,42060,42533,38474,33283,32628,36608,34263,33608,2526,2528,2499,2525,2565,2398,2393,2331,2420,2347,2277,2202,2536,2469,2406,2524,2492,2430,2439,2369,2345,2303,2277,2195,2465,2601,2423,2339,2442,2493,2335,2256,2265,2268,2219,2197,2449,2424,2370,2436,2439,2356,31169,34283,35249,35487,34228,29106
11,62055,59593,59401,59947,59544,58610,45375,46222,45745,43627,43004,46234,59308,58239,59338,58613,58825,57987,41806,41731,42072,42128,41697,43946,155725,149798,154316,154067,155111,156323,35681,36914,37931,37221,37509,39276,171329,168976,169249,171426,167721,166947,2874,2760,2707,2746,2809,2705,41955,40338,42044,41885,40810,41102,2861,2758,2848,2705,2730,2701,42451,41089,40492,41130,40824,41310,2732,2798,2691,2728,2698,2542,35470,39872,40592,40775,38842,39147,43683,44243,46228,44010,41572,39193,32963,36633,36856,36286,35320,35660,63789,63655,63549,61705,59897,56344,653610,664636,567480,575990,620359,629726,398871,192606,451855,167937,148963,170904,628448,594710,613799,590653,626788,605855,140369,163691,167021,373011,429974,420752,553161,607910,619226,565386,506618,559102,152091,140879,146458,154834,147846,218326,41956,43265,42971,42197,41994,42628,39088,34680,38147,39128,35113,34694,2596,2527,2474,2447,2520,2331,2354,2363,2303,2263,2294,2180,2417,2529,2495,2427,2511,2456,2465,2277,2326,2332,2274,2243,2577,2413,2567,2532,2431,2429,2301,2329,2284,2210,2244,2196,2428,2411,2369,2464,2465,2354,30852,34135,35451,35295,33856,28364
11.5,62210,61143,61744,61253,61843,61075,45662,46445,46209,44136,43306,46104,60081,60240,61163,59869,60191,59551,42634,42362,42773,42828,41679,43924,156343,153247,157575,156539,156527,160029,35928,36986,37516,37397,37098,39147,173236,172339,171904,174393,170796,169611,2759,2845,2834,2737,2674,2672,43363,41999,42805,41755,40918,41553,2710,2856,2789,2733,2698,2739,43108,42069,42402,42377,42262,43251,2767,2729,2767,2654,2475,2609,35756,39898,40476,40435,38854,38740,43009,44321,45021,44536,41632,38726,32665,37149,36858,35708,35050,35336,63453,62782,63458,60793,59460,55262,671881,667336,588558,595303,645468,650948,329301,175657,217299,178568,158471,178277,622915,612943,622862,635180,665374,659156,148310,175986,183380,165522,296222,407342,562356,630477,625734,599189,542411,592352,204823,151387,308131,151770,152740,227666,42784,44571,43590,42955,42793,43433,38507,37701,38994,39219,36507,36685,2519,2470,2459,2592,2422,2514,2411,2371,2345,2384,2298,2165,2454,2372,2523,2563,2413,2472,2415,2419,2279,2401,2177,2303,2476,2578,2504,2513,2359,2366,2222,2333,2245,2232,2167,2245,2529,2496,2486,2457,2375,2310,29922,33270,35060,35068,33892,27832
12,63785,62098,62855,63126,63677,62705,46133,46746,46700,44221,43555,46417,61977,60697,61882,62606,62436,61060,42608,42491,42991,42742,42277,44130,160061,155628,160254,161436,160376,163760,36018,36680,37222,37143,37298,38766,176561,175070,174887,178899,175679,175867,2804,2844,2735,2667,2841,2578,43248,42647,42197,41859,41300,41360,2730,2814,2781,2755,2689,2671,44899,43454,42233,42597,42771,43341,2755,2706,2639,2671,2687,2573,35128,39970,40699,40474,39209,38985,43387,44644,44635,44405,41580,38501,31793,36638,36542,35863,35440,35519,63039,62951,63276,60595,59738,54901,690008,696793,618199,622309,683198,680154,331369,178846,213874,199646,300517,182831,644770,612534,655230,655678,658839,651699,150208,171413,191029,174971,327905,359126,578046,648986,637393,606013,557824,626116,147639,154557,184378,155060,155511,203749,42955,45204,44055,43469,43295,42967,41144,39209,35784,40285,36805,38484,2538,2427,2427,2398,2521,2478,2443,2434,2269,2346,2207,2113,2475,2458,2455,2402,2533,2444,2316,2362,2244,2180,2259,2215,2375,2490,2480,2411,2404,2435,2311,2345,2232,2235,2239,2160,2500,2441,2410,2451,2529,2295,29288,32568,34117,34489,33012,26806
12.5,65108,65739,65031,64340,65004,62783,46828,47186,46736,44390,44049,46831,62798,63578,64575,64308,63394,62585,42979,42583,42920,42573,42212,44504,159814,155977,163484,161487,160975,164800,35895,36627,37139,36733,36578,38992,179361,178337,176813,178659,176480,175966,2760,2791,2791,2704,2742,2663,44170,42147,42765,42459,42199,42927,2745,2743,2654,2786,2747,2727,46061,44401,43606,43805,44153,44888,2811,2803,2702,2795,2665,2595,35271,40133,40581,40581,39487,39385,43637,44415,45263,44166,41674,38555,31592,36426,36631,36016,35248,35005,63419,62314,63155,61549,60035,54083,715473,722587,636550,630226,702813,700942,261549,242289,193882,189548,260000,206957,669800,598702,646074,661290,681709,664912,152201,180464,194477,184230,339445,291532,599347,639606,651633,607449,552910,614141,149190,158586,176169,155733,160686,260811,44586,45208,43713,43535,42656,43061,39676,38549,36173,41452,36746,40230,2510,2438,2489,2521,2485,2360,2326,2306,2402,2327,2368,2186,2471,2533,2556,2533,2501,2412,2394,2269,2414,2263,2238,2168,2359,2456,2623,2436,2456,2385,2324,2335,2272,2268,2234,2238,2484,2494,2379,2469,2317,2425,28695,31648,33557,33800,32789,26171
13,68158,67264,66888,66841,66773,63717,46992,46649,46606,44620,44419,46337,66262,65585,66284,65260,65686,63098,43960,43240,43141,42862,42255,44592,165071,162653,166601,165958,169845,171702,36381,36747,36711,36945,36856,39016,180059,176433,179686,182700,181050,180791,2796,2782,2749,2730,2661,2813,44770,43328,43841,43674,43329,43855,2861,2644,2728,2576,2750,2709,46995,46218,45396,45166,45068,45777,2766,2677,2782,2750,2625,2681,34811,40231,40845,40721,39194,39128,43579,44718,44210,44285,41566,38230,30627,36759,36175,35780,34992,35237,63205,61951,63235,60434,59627,53125,719320,731031,646272,663239,712364,793171,266357,221053,212385,204270,302361,247176,695660,634284,647497,701219,661132,675438,159556,183530,202398,198922,341407,274077,645086,670077,665044,653438,643281,679641,154355,159234,229893,165850,165240,262958,46419,45497,45187,43482,44146,44525,41000,38256,36607,41133,37491,40957,2428,2420,2463,2452,2445,2418,2528,2315,2419,2287,2363,2167,2436,2432,2473,2524,2460,2388,2431,2384,2408,2338,2276,2197,2475,2500,2605,2465,2427,2448,2350,2311,2306,2319,2187,2221,2484,2336,2406,2450,2481,2380,28348,31459,33404,33937,32540,25374
13.5,69568,68537,67736,67791,67755,64964,47678,47597,47394,45647,44218,47070,68425,67544,67755,67525,66962,64113,44075,43572,43408,43536,42941,45101,169289,163073,163931,166675,169996,174070,36555,36530,37276,37066,36970,39575,182933,182273,181426,183391,180220,184776,2824,2800,2719,2695,2649,2686,46009,44795,45035,45055,44252,44682,2711,2750,2674,2712,2696,2599,48391,46414,46583,46107,46269,46915,2627,2642,2651,2653,2739,2638,33951,40147,40373,40911,39523,39008,43629,44518,46136,44165,41926,37741,30608,36341,36759,35396,34382,34612,62796,61763,63259,59691,58570,52247,799455,739502,764584,782224,813959,846327,263446,239760,215599,201490,199194,304482,813406,738158,795569,802037,759591,743506,162280,187800,210264,214441,347704,260548,763767,788982,782276,718635,737618,737236,157401,161606,187865,166158,169232,286579,49011,46705,46494,45514,44749,45195,46509,41087,38127,44100,38787,41440,2505,2408,2470,2484,2444,2470,2411,2391,2313,2345,2372,2189,2508,2553,2387,2500,2509,2320,2400,2307,2356,2324,2211,2267,2450,2432,2578,2546,2517,2446,2358,2385,2349,2264,2254,2222,2500,2452,2425,2443,2350,2423,26954,30564,32926,33100,31558,24686
14,71443,68405,68089,68692,69072,66732,48476,47288,47628,45450,44383,47045,69970,68827,69027,69103,69695,65131,44791,44245,43882,43535,42851,44974,166370,163882,167309,168472,168530,171629,36790,36577,37417,36956,37195,39712,183768,182289,180936,181102,181750,185429,2849,2849,2756,2677,2643,2720,47654,46027,45904,46188,45174,45732,2821,2853,2635,2778,2718,2607,49550,48022,47285,47033,46843,48564,2773,2651,2588,2693,2604,2650,34691,39592,40951,40864,39398,39107,43905,44788,44843,44149,41276,37788,31057,36157,36021,35430,34840,34474,62087,61388,62704,60302,58570,52002,804830,879788,818952,823536,859276,852571,269914,228141,234556,197197,274261,344174,868287,791761,828779,832218,816146,783699,168765,190555,217417,219352,362973,254620,766890,826448,823194,790220,776480,798164,159637,165702,304442,174243,173250,329143,49983,48341,47508,47054,45875,46211,48153,40845,37787,44631,39498,42563,2379,2458,2403,2449,2449,2410,2460,2366,2341,2330,2266,2199,2500,2524,2463,2551,2439,2356,2399,2283,2313,2299,2252,2168,2416,2507,2519,2457,2447,2340,2265,2376,2315,2243,2296,2054,2404,2483,2392,2533,2391,2362,26568,30285,32634,32535,31349,23878
14.5,72126,70954,69453,71138,71253,68147,48935,48326,48030,45954,45613,47713,71129,70867,70426,70626,71691,66690,45429,44133,44276,44156,43433,46132,167387,164994,172512,166435,167848,174910,36913,37033,37494,37320,37583,40213,186439,185660,183027,184927,184757,187816,2768,2706,2659,2675,2692,2617,49651,47148,46531,48296,46972,47765,2790,2782,2680,2819,2801,2664,50308,48961,49046,48660,49186,48378,2579,2578,2700,2680,2670,2636,34205,39565,40809,40592,39116,39080,43733,44850,44138,44265,41348,37492,30200,35774,36484,35348,34569,34342,62249,61670,62438,59759,58494,52277,808387,899680,847183,880064,904607,844048,496369,290689,252406,203480,298791,371048,880143,839793,863966,866193,848013,833008,170097,194124,232896,220605,365687,245187,823115,859131,876468,845141,808163,830044,163394,169122,160753,172964,178607,315205,51983,51542,48817,48295,47505,49130,46844,44467,40894,48097,40023,43883,2494,2581,2448,2516,2487,2420,2475,2363,2419,2268,2276,2222,2432,2574,2456,2588,2475,2582,2378,2410,2340,2278,2226,2259,2455,2523,2468,2447,2462,2420,2211,2372,2261,2267,2257,2265,2506,2444,2522,2491,2401,2442,26585,29726,31844,32516,31078,23043
15,73479,71503,70574,72652,73138,69257,50578,49252,48966,46515,45933,48681,72437,71818,71539,71965,71642,68415,46235,45485,44842,44929,44482,46492,170535,164953,170750,169241,171307,176252,36915,36715,37811,37770,38082,40238,187257,183377,181710,185883,185735,187689,2793,2727,2721,2684,2800,2685,50894,49129,48411,49855,48741,48303,2806,2690,2650,2699,2756,2662,51859,49157,49028,49057,49652,49866,2605,2707,2717,2772,2815,2578,33656,39248,40293,40333,38766,39169,43253,44268,45438,44133,41383,36833,29726,35703,36138,34868,34182,33933,61640,60457,61816,59767,57741,50537,789140,889022,853361,854244,904106,846603,516735,350049,278279,226494,219591,364975,835524,840451,880091,871304,848079,846024,177295,196703,245345,211066,381021,238192,818043,855693,860357,866970,820506,852373,165521,172616,379506,175711,178656,300227,53628,51698,49535,50278,48866,50595,50612,39944,43380,49585,41345,44707,2393,2462,2501,2489,2413,2446,2399,2478,2365,2338,2290,2150,2512,2508,2390,2521,2511,2468,2367,2422,2388,2334,2317,2215,2515,2505,2590,2550,2446,2477,2430,2373,2175,2413,2231,2255,2446,2453,2441,2399,2422,2340,25770,28778,31346,31777,30391,22095
15.5,75864,72137,72480,74705,74879,70836,51180,50064,49748,47426,46810,48687,73760,73217,73083,73693,73321,69329,47493,46472,46149,45585,45238,47081,170468,169471,174324,169908,172985,177911,37712,37540,38113,38172,38833,40863,189840,187044,183910,188026,186223,189015,2765,2710,2669,2696,2600,2694,53814,52109,51878,52166,50708,51405,2711,2750,2768,2745,2725,2730,53522,51694,50568,50448,51224,51103,2706,2730,2691,2742,2659,2691,33929,40100,40420,40838,39210,39284,43860,44948,45715,43996,41331,36938,29322,35840,36064,34948,34393,33988,61910,61342,61871,59853,58018,50323,768418,903672,831375,852466,923485,839266,419593,404404,280888,219920,307604,412071,814539,845181,830255,868010,867299,867787,185140,200749,241960,213414,361748,210356,863321,834233,830597,857669,808294,843824,168554,172625,271798,178247,183960,301478,54919,53265,51817,51139,50909,52549,50503,45852,47360,45839,41556,45936,2446,2547,2547,2461,2483,2414,2393,2483,2269,2272,2333,2283,2491,2402,2436,2462,2402,2325,2295,2342,2336,2331,2193,2099,2517,2448,2495,2530,2485,2304,2184,2272,2218,2274,2184,2140,2510,2479,2381,2352,2352,2300,24690,27950,30969,31646,30085,21405
16,77623,73764,73582,76388,75479,72329,52156,51513,50815,48641,48146,50470,75688,74125,74119,76424,75126,70886,48165,47720,46995,47343,46507,49097,172213,170005,176904,170974,174619,180181,38788,37719,38556,39229,39441,42106,188082,188383,185742,189020,188080,190956,2798,2804,2705,2656,2657,2638,55369,53827,53703,54040,52911,53018,2802,2673,2798,2702,2759,2676,54479,52951,52039,52127,52628,51233,2710,2795,2667,2765,2696,2612,34227,39718,40815,41060,39220,39301,44094,45251,45179,43913,41346,36568,28329,35342,36380,34840,34021,33765,61867,60390,62055,59018,57128,49020,758696,858907,841110,835234,884425,828845,488781,395235,322596,234688,291018,428999,803644,821191,795555,812470,819611,846076,199022,208736,241907,218300,305957,207695,855640,819505,808123,804276,779194,803539,170498,176717,325928,184115,183610,177356,56370,54323,54373,53534,53737,53530,50690,47087,47521,43892,42484,47396,2455,2591,2488,2521,2402,2484,2427,2377,2273,2433,2318,2297,2531,2477,2474,2465,2478,2448,2424,2327,2345,2323,2193,2242,2472,2581,2458,2508,2475,2335,2339,2368,2367,2340,2092,2214,2567,2486,2515,2379,2489,2408,24800,27602,30326,31032,29745,20948
